Log file open, 07/11/24 10:34:51
LogWindows: Failed to load 'aqProf.dll' (GetLastError=126)
LogWindows: File 'aqProf.dll' does not exist
LogWindows: Failed to load 'VtuneApi.dll' (GetLastError=126)
LogWindows: File 'VtuneApi.dll' does not exist
LogWindows: Failed to load 'VtuneApi32e.dll' (GetLastError=126)
LogWindows: File 'VtuneApi32e.dll' does not exist
LogConsoleResponse: Display: Failed to find resolution value strings in scalability ini. Falling back to default.
LogConsoleResponse: Display: Failed to find resolution value strings in scalability ini. Falling back to default.
LogInit: Display: Running engine for game: FirstBPProjectUE
LogPlatformFile: Not using cached read wrapper
LogTaskGraph: Started task graph with 5 named threads and 23 total threads with 3 sets of task threads.
LogStats: Stats thread started at 0.406640
LogICUInternationalization: ICU TimeZone Detection - Raw Offset: -5:00, Platform Override: ''
LogInit: Display: Loading text-based GConfig....
LogPluginManager: Mounting plugin MeshPainting
LogPluginManager: Mounting plugin XGEController
LogPluginManager: Mounting plugin Paper2D
LogPluginManager: Mounting plugin AISupport
LogPluginManager: Mounting plugin EnvironmentQueryEditor
LogPluginManager: Mounting plugin LightPropagationVolume
LogPluginManager: Mounting plugin LiveLink
LogPluginManager: Mounting plugin CameraShakePreviewer
LogPluginManager: Mounting plugin GameplayCameras
LogPluginManager: Mounting plugin OodleData
LogPluginManager: Mounting plugin OodleNetwork
LogPluginManager: Mounting plugin AssetManagerEditor
LogPluginManager: Mounting plugin CryptoKeys
LogPluginManager: Mounting plugin CurveEditorTools
LogPluginManager: Mounting plugin DataValidation
LogPluginManager: Mounting plugin FacialAnimation
LogPluginManager: Mounting plugin GameplayTagsEditor
LogPluginManager: Mounting plugin GeometryMode
LogPluginManager: Mounting plugin MacGraphicsSwitching
LogPluginManager: Mounting plugin MaterialAnalyzer
LogPluginManager: Mounting plugin MobileLauncherProfileWizard
LogPluginManager: Mounting plugin PluginBrowser
LogPluginManager: Mounting plugin SpeedTreeImporter
LogPluginManager: Mounting plugin AnimationSharing
LogPluginManager: Mounting plugin CLionSourceCodeAccess
LogPluginManager: Mounting plugin CodeLiteSourceCodeAccess
LogPluginManager: Mounting plugin GitSourceControl
LogPluginManager: Mounting plugin KDevelopSourceCodeAccess
LogPluginManager: Mounting plugin NullSourceCodeAccess
LogPluginManager: Mounting plugin PixWinPlugin
LogPluginManager: Mounting plugin PropertyAccessNode
LogPluginManager: Mounting plugin PlasticSourceControl
LogPluginManager: Mounting plugin PluginUtils
LogPluginManager: Mounting plugin PerforceSourceControl
LogPluginManager: Mounting plugin RiderSourceCodeAccess
LogPluginManager: Mounting plugin TextureFormatOodle
LogPluginManager: Mounting plugin SubversionSourceControl
LogPluginManager: Mounting plugin VisualStudioCodeSourceCodeAccess
LogPluginManager: Mounting plugin VisualStudioSourceCodeAccess
LogPluginManager: Mounting plugin XCodeSourceCodeAccess
LogPluginManager: Mounting plugin AlembicImporter
LogPluginManager: Mounting plugin AutomationUtils
LogPluginManager: Mounting plugin BackChannel
LogPluginManager: Mounting plugin UObjectPlugin
LogPluginManager: Mounting plugin ChaosCloth
LogPluginManager: Mounting plugin ChaosClothEditor
LogPluginManager: Mounting plugin ChaosEditor
LogPluginManager: Mounting plugin ChaosNiagara
LogPluginManager: Mounting plugin ChaosSolverPlugin
LogPluginManager: Mounting plugin CharacterAI
LogPluginManager: Mounting plugin DatasmithContent
LogPluginManager: Mounting plugin GeometryCache
LogPluginManager: Mounting plugin GeometryProcessing
LogPluginManager: Mounting plugin GeometryCollectionPlugin
LogPluginManager: Mounting plugin MotoSynth
LogPluginManager: Mounting plugin PlanarCut
LogPluginManager: Mounting plugin OpenImageDenoise
LogPluginManager: Mounting plugin PlatformCrypto
LogPluginManager: Mounting plugin ProxyLODPlugin
LogPluginManager: Mounting plugin PythonScriptPlugin
LogPluginManager: Mounting plugin SkeletalReduction
LogPluginManager: Mounting plugin Niagara
LogPluginManager: Mounting plugin VariantManagerContent
LogPluginManager: Mounting plugin LuminPlatformFeatures
LogPluginManager: Mounting plugin MagicLeap
LogPluginManager: Mounting plugin MagicLeapMedia
LogPluginManager: Mounting plugin MagicLeapLightEstimation
LogPluginManager: Mounting plugin MagicLeapPassableWorld
LogPluginManager: Mounting plugin MLSDK
LogPluginManager: Mounting plugin AndroidMedia
LogPluginManager: Mounting plugin AvfMedia
LogPluginManager: Mounting plugin ImgMedia
LogPluginManager: Mounting plugin MediaCompositing
LogPluginManager: Mounting plugin TcpMessaging
LogPluginManager: Mounting plugin UdpMessaging
LogPluginManager: Mounting plugin MediaPlayerEditor
LogPluginManager: Mounting plugin WebMMedia
LogPluginManager: Mounting plugin WmfMedia
LogPluginManager: Mounting plugin ActorSequence
LogPluginManager: Mounting plugin LevelSequenceEditor
LogPluginManager: Mounting plugin MatineeToLevelSequence
LogPluginManager: Mounting plugin ActorLayerUtilities
LogPluginManager: Mounting plugin TemplateSequence
LogPluginManager: Mounting plugin LauncherChunkInstaller
LogPluginManager: Mounting plugin AndroidDeviceProfileSelector
LogPluginManager: Mounting plugin AndroidMoviePlayer
LogPluginManager: Mounting plugin AndroidPermission
LogPluginManager: Mounting plugin AppleImageUtils
LogPluginManager: Mounting plugin AppleMoviePlayer
LogPluginManager: Mounting plugin ArchVisCharacter
LogPluginManager: Mounting plugin OnlineSubsystem
LogPluginManager: Mounting plugin AssetTags
LogPluginManager: Mounting plugin AudioCapture
LogPluginManager: Mounting plugin OnlineSubsystemNull
LogPluginManager: Mounting plugin AudioSynesthesia
LogPluginManager: Mounting plugin CableComponent
LogPluginManager: Mounting plugin CustomMeshComponent
LogPluginManager: Mounting plugin ChunkDownloader
LogPluginManager: Mounting plugin EditableMesh
LogPluginManager: Mounting plugin OnlineSubsystemUtils
LogPluginManager: Mounting plugin ExampleDeviceProfileSelector
LogPluginManager: Mounting plugin GooglePAD
LogPluginManager: Mounting plugin GoogleCloudMessaging
LogPluginManager: Mounting plugin ScreenshotTools
LogPluginManager: Mounting plugin LinuxDeviceProfileSelector
LogPluginManager: Mounting plugin IOSDeviceProfileSelector
LogPluginManager: Mounting plugin Takes
LogPluginManager: Mounting plugin LocationServicesBPLibrary
LogPluginManager: Mounting plugin MobilePatchingUtils
LogPluginManager: Mounting plugin OpenXREyeTracker
LogPluginManager: Mounting plugin OpenXR
LogPluginManager: Mounting plugin OpenXRHandTracking
LogPluginManager: Mounting plugin PhysXVehicles
LogPluginManager: Mounting plugin PostSplashScreen
LogPluginManager: Mounting plugin ProceduralMeshComponent
LogPluginManager: Mounting plugin PropertyAccessEditor
LogPluginManager: Mounting plugin RuntimePhysXCooking
LogPluginManager: Mounting plugin SignificanceManager
LogPluginManager: Mounting plugin SoundFields
LogPluginManager: Mounting plugin Synthesis
LogPluginManager: Mounting plugin WebMMoviePlayer
LogPluginManager: Mounting plugin WindowsMoviePlayer
LogPluginManager: Mounting plugin ContentBrowserClassDataSource
LogPluginManager: Mounting plugin ContentBrowserAssetDataSource
LogPluginManager: Mounting plugin ContentBrowserFileDataSource
LogPluginManager: Mounting plugin OnlineSubsystemGooglePlay
LogPluginManager: Mounting plugin OnlineSubsystemIOS
LogPluginManager: Mounting plugin OculusVR
LogPluginManager: Mounting plugin SteamVR
PixWinPlugin: PIX capture plugin failed to initialize! Check that the process is launched from PIX.
LogInit: Using libcurl 7.55.1-DEV
LogInit:  - built for x86_64-pc-win32
LogInit:  - supports SSL with OpenSSL/1.1.1
LogInit:  - supports HTTP deflate (compression) using libz 1.2.8
LogInit:  - other features:
LogInit:      CURL_VERSION_SSL
LogInit:      CURL_VERSION_LIBZ
LogInit:      CURL_VERSION_IPV6
LogInit:      CURL_VERSION_ASYNCHDNS
LogInit:      CURL_VERSION_LARGEFILE
LogInit:      CURL_VERSION_IDN
LogInit:  CurlRequestOptions (configurable via config and command line):
LogInit:  - bVerifyPeer = true  - Libcurl will verify peer certificate
LogInit:  - bUseHttpProxy = false  - Libcurl will NOT use HTTP proxy
LogInit:  - bDontReuseConnections = false  - Libcurl will reuse connections
LogInit:  - MaxHostConnections = 16  - Libcurl will limit the number of connections to a host
LogInit:  - LocalHostAddr = Default
LogInit:  - BufferSize = 65536
LogOnline: OSS: Creating online subsystem instance for: NULL
LogInit: WinSock: version 1.1 (2.2), MaxSocks=32767, MaxUdp=65467
LogOnline: OSS: TryLoadSubsystemAndSetDefault: Loaded subsystem for module [NULL]
LogOculusPluginWrapper: OculusPlugin initialized successfully
LogHMD: Failed initializing OVRPlugin 1.59.0
LogInit: Build: ++UE4+Release-4.27-CL-18319896
LogInit: Engine Version: 4.27.2-18319896+++UE4+Release-4.27
LogInit: Compatible Engine Version: 4.27.0-17155196+++UE4+Release-4.27
LogInit: Net CL: 17155196
LogInit: OS: Windows 10 (Release 2009) (), CPU: Intel(R) Core(TM) i5-8250U CPU @ 1.60GHz, GPU: Intel(R) UHD Graphics 620
LogInit: Compiled (64-bit): Nov 30 2021 07:12:08
LogInit: Compiled with Visual C++: 19.24.28315.00
LogInit: Build Configuration: Development
LogInit: Branch Name: ++UE4+Release-4.27
LogInit: Command Line: 
LogInit: Base Directory: D:/Develop/Unreal Engine/UE_4.27/Engine/Binaries/Win64/
LogInit: Allocator: TBB
LogInit: Installed Engine Build: 1
LogDevObjectVersion: Number of dev versions registered: 29
LogDevObjectVersion:   Dev-Blueprints (B0D832E4-1F89-4F0D-ACCF-7EB736FD4AA2): 10
LogDevObjectVersion:   Dev-Build (E1C64328-A22C-4D53-A36C-8E866417BD8C): 0
LogDevObjectVersion:   Dev-Core (375EC13C-06E4-48FB-B500-84F0262A717E): 4
LogDevObjectVersion:   Dev-Editor (E4B068ED-F494-42E9-A231-DA0B2E46BB41): 40
LogDevObjectVersion:   Dev-Framework (CFFC743F-43B0-4480-9391-14DF171D2073): 37
LogDevObjectVersion:   Dev-Mobile (B02B49B5-BB20-44E9-A304-32B752E40360): 3
LogDevObjectVersion:   Dev-Networking (A4E4105C-59A1-49B5-A7C5-40C4547EDFEE): 0
LogDevObjectVersion:   Dev-Online (39C831C9-5AE6-47DC-9A44-9C173E1C8E7C): 0
LogDevObjectVersion:   Dev-Physics (78F01B33-EBEA-4F98-B9B4-84EACCB95AA2): 14
LogDevObjectVersion:   Dev-Platform (6631380F-2D4D-43E0-8009-CF276956A95A): 0
LogDevObjectVersion:   Dev-Rendering (12F88B9F-8875-4AFC-A67C-D90C383ABD29): 45
LogDevObjectVersion:   Dev-Sequencer (7B5AE74C-D270-4C10-A958-57980B212A5A): 13
LogDevObjectVersion:   Dev-VR (D7296918-1DD6-4BDD-9DE2-64A83CC13884): 3
LogDevObjectVersion:   Dev-LoadTimes (C2A15278-BFE7-4AFE-6C17-90FF531DF755): 1
LogDevObjectVersion:   Private-Geometry (6EACA3D4-40EC-4CC1-B786-8BED09428FC5): 3
LogDevObjectVersion:   Dev-AnimPhys (29E575DD-E0A3-4627-9D10-D276232CDCEA): 17
LogDevObjectVersion:   Dev-Anim (AF43A65D-7FD3-4947-9873-3E8ED9C1BB05): 15
LogDevObjectVersion:   Dev-ReflectionCapture (6B266CEC-1EC7-4B8F-A30B-E4D90942FC07): 1
LogDevObjectVersion:   Dev-Automation (0DF73D61-A23F-47EA-B727-89E90C41499A): 1
LogDevObjectVersion:   FortniteMain (601D1886-AC64-4F84-AA16-D3DE0DEAC7D6): 47
LogDevObjectVersion:   FortniteRelease (E7086368-6B23-4C58-8439-1B7016265E91): 1
LogDevObjectVersion:   Dev-Enterprise (9DFFBCD6-494F-0158-E221-12823C92A888): 10
LogDevObjectVersion:   Dev-Niagara (F2AED0AC-9AFE-416F-8664-AA7FFA26D6FC): 1
LogDevObjectVersion:   Dev-Destruction (174F1F0B-B4C6-45A5-B13F-2EE8D0FB917D): 10
LogDevObjectVersion:   Dev-Physics-Ext (35F94A83-E258-406C-A318-09F59610247C): 41
LogDevObjectVersion:   Dev-PhysicsMaterial-Chaos (B68FC16E-8B1B-42E2-B453-215C058844FE): 1
LogDevObjectVersion:   Dev-CineCamera (B2E18506-4273-CFC2-A54E-F4BB758BBA07): 1
LogDevObjectVersion:   Dev-VirtualProduction (64F58936-FD1B-42BA-BA96-7289D5D0FA4E): 1
LogDevObjectVersion:   Dev-MediaFramework (6F0ED827-A609-4895-9C91-998D90180EA4): 2
LogInit: Presizing for max 25165824 objects, including 0 objects not considered by GC, pre-allocating 0 bytes for permanent pool.
LogConfig: Applying CVar settings from Section [/Script/Engine.StreamingSettings] File [D:/Develop/Unreal Projects/FirstBPProjectUE/Saved/Config/Windows/Engine.ini]
LogConfig: Setting CVar [[s.MinBulkDataSizeForAsyncLoading:131072]]
LogConfig: Setting CVar [[s.AsyncLoadingThreadEnabled:0]]
LogConfig: Setting CVar [[s.EventDrivenLoaderEnabled:1]]
LogConfig: Setting CVar [[s.WarnIfTimeLimitExceeded:0]]
LogConfig: Setting CVar [[s.TimeLimitExceededMultiplier:1.5]]
LogConfig: Setting CVar [[s.TimeLimitExceededMinTime:0.005]]
LogConfig: Setting CVar [[s.UseBackgroundLevelStreaming:1]]
LogConfig: Setting CVar [[s.PriorityAsyncLoadingExtraTime:15.0]]
LogConfig: Setting CVar [[s.LevelStreamingActorsUpdateTimeLimit:5.0]]
LogConfig: Setting CVar [[s.PriorityLevelStreamingActorsUpdateExtraTime:5.0]]
LogConfig: Setting CVar [[s.LevelStreamingComponentsRegistrationGranularity:10]]
LogConfig: Setting CVar [[s.UnregisterComponentsTimeLimit:1.0]]
LogConfig: Setting CVar [[s.LevelStreamingComponentsUnregistrationGranularity:5]]
LogConfig: Setting CVar [[s.FlushStreamingOnExit:1]]
LogInit: Object subsystem initialized
LogConfig: Setting CVar [[con.DebugEarlyDefault:1]]
LogConfig: Setting CVar [[r.setres:1280x720]]
[2024.07.11-15.34.53:743][  0]LogConfig: Setting CVar [[r.VSync:0]]
[2024.07.11-15.34.53:743][  0]LogConfig: Setting CVar [[r.RHICmdBypass:0]]
[2024.07.11-15.34.53:743][  0]LogConfig: Applying CVar settings from Section [/Script/Engine.RendererSettings] File [D:/Develop/Unreal Projects/FirstBPProjectUE/Saved/Config/Windows/Engine.ini]
[2024.07.11-15.34.53:743][  0]LogConfig: Setting CVar [[r.GPUCrashDebugging:0]]
[2024.07.11-15.34.53:743][  0]LogConfig: Setting CVar [[r.Mobile.DisableVertexFog:1]]
[2024.07.11-15.34.53:743][  0]LogConfig: Setting CVar [[r.Shadow.CSM.MaxMobileCascades:2]]
[2024.07.11-15.34.53:743][  0]LogConfig: Setting CVar [[r.MobileMSAA:1]]
[2024.07.11-15.34.53:743][  0]LogConfig: Setting CVar [[r.Mobile.AllowDitheredLODTransition:0]]
[2024.07.11-15.34.53:743][  0]LogConfig: Setting CVar [[r.Mobile.AllowSoftwareOcclusion:0]]
[2024.07.11-15.34.53:743][  0]LogConfig: Setting CVar [[r.Mobile.VirtualTextures:0]]
[2024.07.11-15.34.53:743][  0]LogConfig: Setting CVar [[r.DiscardUnusedQuality:0]]
[2024.07.11-15.34.53:743][  0]LogConfig: Setting CVar [[r.AllowOcclusionQueries:1]]
[2024.07.11-15.34.53:743][  0]LogConfig: Setting CVar [[r.MinScreenRadiusForLights:0.030000]]
[2024.07.11-15.34.53:743][  0]LogConfig: Setting CVar [[r.MinScreenRadiusForDepthPrepass:0.030000]]
[2024.07.11-15.34.53:743][  0]LogConfig: Setting CVar [[r.MinScreenRadiusForCSMDepth:0.010000]]
[2024.07.11-15.34.53:743][  0]LogConfig: Setting CVar [[r.PrecomputedVisibilityWarning:0]]
[2024.07.11-15.34.53:743][  0]LogConfig: Setting CVar [[r.TextureStreaming:1]]
[2024.07.11-15.34.53:743][  0]LogConfig: Setting CVar [[Compat.UseDXT5NormalMaps:0]]
[2024.07.11-15.34.53:743][  0]LogConfig: Setting CVar [[r.VirtualTextures:0]]
[2024.07.11-15.34.53:743][  0]LogConfig: Setting CVar [[r.VT.EnableAutoImport:1]]
[2024.07.11-15.34.53:743][  0]LogConfig: Setting CVar [[r.VirtualTexturedLightmaps:0]]
[2024.07.11-15.34.53:743][  0]LogConfig: Setting CVar [[r.VT.TileSize:128]]
[2024.07.11-15.34.53:743][  0]LogConfig: Setting CVar [[r.VT.TileBorderSize:4]]
[2024.07.11-15.34.53:743][  0]LogConfig: Setting CVar [[r.vt.FeedbackFactor:16]]
[2024.07.11-15.34.53:743][  0]LogConfig: Setting CVar [[r.VT.EnableCompressZlib:1]]
[2024.07.11-15.34.53:743][  0]LogConfig: Setting CVar [[r.VT.EnableCompressCrunch:0]]
[2024.07.11-15.34.53:743][  0]LogConfig: Setting CVar [[r.ClearCoatNormal:0]]
[2024.07.11-15.34.53:743][  0]LogConfig: Setting CVar [[r.ReflectionCaptureResolution:128]]
[2024.07.11-15.34.53:743][  0]LogConfig: Setting CVar [[r.Mobile.ReflectionCaptureCompression:0]]
[2024.07.11-15.34.53:743][  0]LogConfig: Setting CVar [[r.ReflectionEnvironmentLightmapMixBasedOnRoughness:1]]
[2024.07.11-15.34.53:743][  0]LogConfig: Setting CVar [[r.ForwardShading:0]]
[2024.07.11-15.34.53:743][  0]LogConfig: Setting CVar [[r.VertexFoggingForOpaque:1]]
[2024.07.11-15.34.53:743][  0]LogConfig: Setting CVar [[r.AllowStaticLighting:1]]
[2024.07.11-15.34.53:743][  0]LogConfig: Setting CVar [[r.NormalMapsForStaticLighting:0]]
[2024.07.11-15.34.53:743][  0]LogConfig: Setting CVar [[r.GenerateMeshDistanceFields:0]]
[2024.07.11-15.34.53:743][  0]LogConfig: Setting CVar [[r.DistanceFieldBuild.EightBit:0]]
[2024.07.11-15.34.53:743][  0]LogConfig: Setting CVar [[r.GenerateLandscapeGIData:0]]
[2024.07.11-15.34.53:743][  0]LogConfig: Setting CVar [[r.DistanceFieldBuild.Compress:0]]
[2024.07.11-15.34.53:743][  0]LogConfig: Setting CVar [[r.TessellationAdaptivePixelsPerTriangle:48.000000]]
[2024.07.11-15.34.53:743][  0]LogConfig: Setting CVar [[r.SeparateTranslucency:1]]
[2024.07.11-15.34.53:743][  0]LogConfig: Setting CVar [[r.TranslucentSortPolicy:0]]
[2024.07.11-15.34.53:743][  0]LogConfig: Setting CVar [[vr.VRS.HMDFixedFoveationLevel:0]]
[2024.07.11-15.34.53:743][  0]LogConfig: Setting CVar [[r.CustomDepth:1]]
[2024.07.11-15.34.53:743][  0]LogConfig: Setting CVar [[r.CustomDepthTemporalAAJitter:1]]
[2024.07.11-15.34.53:743][  0]LogConfig: Setting CVar [[r.PostProcessing.PropagateAlpha:0]]
[2024.07.11-15.34.53:743][  0]LogConfig: Setting CVar [[r.DefaultFeature.Bloom:1]]
[2024.07.11-15.34.53:743][  0]LogConfig: Setting CVar [[r.DefaultFeature.AmbientOcclusion:1]]
[2024.07.11-15.34.53:743][  0]LogConfig: Setting CVar [[r.DefaultFeature.AmbientOcclusionStaticFraction:1]]
[2024.07.11-15.34.53:743][  0]LogConfig: Setting CVar [[r.DefaultFeature.AutoExposure:0]]
[2024.07.11-15.34.53:743][  0]LogConfig: Setting CVar [[r.DefaultFeature.AutoExposure.Method:0]]
[2024.07.11-15.34.53:743][  0]LogConfig: Setting CVar [[r.DefaultFeature.AutoExposure.Bias:1.000000]]
[2024.07.11-15.34.53:743][  0]LogConfig: Setting CVar [[r.DefaultFeature.AutoExposure.ExtendDefaultLuminanceRange:0]]
[2024.07.11-15.34.53:743][  0]LogConfig: Setting CVar [[r.UsePreExposure:1]]
[2024.07.11-15.34.53:743][  0]LogConfig: Setting CVar [[r.EyeAdaptation.EditorOnly:0]]
[2024.07.11-15.34.53:743][  0]LogConfig: Setting CVar [[r.DefaultFeature.MotionBlur:0]]
[2024.07.11-15.34.53:743][  0]LogConfig: Setting CVar [[r.DefaultFeature.LensFlare:0]]
[2024.07.11-15.34.53:743][  0]LogConfig: Setting CVar [[r.TemporalAA.Upsampling:0]]
[2024.07.11-15.34.53:743][  0]LogConfig: Setting CVar [[r.SSGI.Enable:0]]
[2024.07.11-15.34.53:743][  0]LogConfig: Setting CVar [[r.DefaultFeature.AntiAliasing:0]]
[2024.07.11-15.34.53:743][  0]LogConfig: Setting CVar [[r.DefaultFeature.LightUnits:1]]
[2024.07.11-15.34.53:743][  0]LogConfig: Setting CVar [[r.DefaultBackBufferPixelFormat:4]]
[2024.07.11-15.34.53:743][  0]LogConfig: Setting CVar [[r.Shadow.UnbuiltPreviewInGame:1]]
[2024.07.11-15.34.53:743][  0]LogConfig: Setting CVar [[r.StencilForLODDither:0]]
[2024.07.11-15.34.53:743][  0]LogConfig: Setting CVar [[r.EarlyZPass:3]]
[2024.07.11-15.34.53:882][  0]LogConfig: Setting CVar [[r.EarlyZPassOnlyMaterialMasking:0]]
[2024.07.11-15.34.53:883][  0]LogConfig: Setting CVar [[r.DBuffer:1]]
[2024.07.11-15.34.53:883][  0]LogConfig: Setting CVar [[r.ClearSceneMethod:1]]
[2024.07.11-15.34.53:883][  0]LogConfig: Setting CVar [[r.BasePassOutputsVelocity:0]]
[2024.07.11-15.34.53:883][  0]LogConfig: Setting CVar [[r.VertexDeformationOutputsVelocity:0]]
[2024.07.11-15.34.53:883][  0]LogConfig: Setting CVar [[r.SelectiveBasePassOutputs:0]]
[2024.07.11-15.34.53:883][  0]LogConfig: Setting CVar [[fx.GPUSimulationTextureSizeX:1024]]
[2024.07.11-15.34.53:883][  0]LogConfig: Setting CVar [[fx.GPUSimulationTextureSizeY:1024]]
[2024.07.11-15.34.53:883][  0]LogConfig: Setting CVar [[r.AllowGlobalClipPlane:0]]
[2024.07.11-15.34.53:883][  0]LogConfig: Setting CVar [[r.GBufferFormat:1]]
[2024.07.11-15.34.53:883][  0]LogConfig: Setting CVar [[r.MorphTarget.Mode:1]]
[2024.07.11-15.34.53:883][  0]LogConfig: Setting CVar [[vr.InstancedStereo:0]]
[2024.07.11-15.34.53:883][  0]LogConfig: Setting CVar [[r.MobileHDR:1]]
[2024.07.11-15.34.53:883][  0]LogConfig: Setting CVar [[vr.MobileMultiView:0]]
[2024.07.11-15.34.53:883][  0]LogConfig: Setting CVar [[r.Mobile.UseHWsRGBEncoding:0]]
[2024.07.11-15.34.53:883][  0]LogConfig: Setting CVar [[vr.RoundRobinOcclusion:0]]
[2024.07.11-15.34.53:883][  0]LogConfig: Setting CVar [[vr.ODSCapture:0]]
[2024.07.11-15.34.53:883][  0]LogConfig: Setting CVar [[r.MeshStreaming:0]]
[2024.07.11-15.34.53:883][  0]LogConfig: Setting CVar [[r.WireframeCullThreshold:5.000000]]
[2024.07.11-15.34.53:883][  0]LogConfig: Setting CVar [[r.RayTracing:0]]
[2024.07.11-15.34.53:883][  0]LogConfig: Setting CVar [[r.RayTracing.UseTextureLod:0]]
[2024.07.11-15.34.53:883][  0]LogConfig: Setting CVar [[r.SupportStationarySkylight:1]]
[2024.07.11-15.34.53:883][  0]LogConfig: Setting CVar [[r.SupportLowQualityLightmaps:1]]
[2024.07.11-15.34.53:883][  0]LogConfig: Setting CVar [[r.SupportPointLightWholeSceneShadows:1]]
[2024.07.11-15.34.53:883][  0]LogConfig: Setting CVar [[r.SupportAtmosphericFog:1]]
[2024.07.11-15.34.53:883][  0]LogConfig: Setting CVar [[r.SupportSkyAtmosphere:1]]
[2024.07.11-15.34.53:883][  0]LogConfig: Setting CVar [[r.SupportSkyAtmosphereAffectsHeightFog:0]]
[2024.07.11-15.34.53:883][  0]LogConfig: Setting CVar [[r.SkinCache.CompileShaders:0]]
[2024.07.11-15.34.53:883][  0]LogConfig: Setting CVar [[r.SkinCache.DefaultBehavior:1]]
[2024.07.11-15.34.53:883][  0]LogConfig: Setting CVar [[r.SkinCache.SceneMemoryLimitInMB:128.000000]]
[2024.07.11-15.34.53:883][  0]LogConfig: Setting CVar [[r.Mobile.EnableStaticAndCSMShadowReceivers:1]]
[2024.07.11-15.34.53:883][  0]LogConfig: Setting CVar [[r.Mobile.EnableMovableLightCSMShaderCulling:1]]
[2024.07.11-15.34.53:883][  0]LogConfig: Setting CVar [[r.Mobile.AllowDistanceFieldShadows:1]]
[2024.07.11-15.34.53:883][  0]LogConfig: Setting CVar [[r.Mobile.AllowMovableDirectionalLights:1]]
[2024.07.11-15.34.53:883][  0]LogConfig: Setting CVar [[r.MobileNumDynamicPointLights:4]]
[2024.07.11-15.34.53:883][  0]LogConfig: Setting CVar [[r.MobileDynamicPointLightsUseStaticBranch:1]]
[2024.07.11-15.34.53:883][  0]LogConfig: Setting CVar [[r.Mobile.EnableMovableSpotlights:0]]
[2024.07.11-15.34.53:883][  0]LogConfig: Setting CVar [[r.Mobile.EnableMovableSpotlightsShadow:0]]
[2024.07.11-15.34.53:883][  0]LogConfig: Setting CVar [[r.GPUSkin.Support16BitBoneIndex:0]]
[2024.07.11-15.34.53:883][  0]LogConfig: Setting CVar [[r.GPUSkin.Limit2BoneInfluences:0]]
[2024.07.11-15.34.53:883][  0]LogConfig: Setting CVar [[r.SupportDepthOnlyIndexBuffers:1]]
[2024.07.11-15.34.53:883][  0]LogConfig: Setting CVar [[r.SupportReversedIndexBuffers:1]]
[2024.07.11-15.34.53:883][  0]LogConfig: Setting CVar [[r.LightPropagationVolume:0]]
[2024.07.11-15.34.53:883][  0]LogConfig: Setting CVar [[r.Mobile.AmbientOcclusion:0]]
[2024.07.11-15.34.53:883][  0]LogConfig: Setting CVar [[r.GPUSkin.UnlimitedBoneInfluences:0]]
[2024.07.11-15.34.53:883][  0]LogConfig: Setting CVar [[r.GPUSkin.UnlimitedBoneInfluencesThreshold:8]]
[2024.07.11-15.34.53:883][  0]LogConfig: Setting CVar [[r.Mobile.PlanarReflectionMode:0]]
[2024.07.11-15.34.53:883][  0]LogConfig: Setting CVar [[r.Mobile.SupportsGen4TAA:0]]
[2024.07.11-15.34.53:883][  0]LogConfig: Applying CVar settings from Section [/Script/Engine.RendererOverrideSettings] File [D:/Develop/Unreal Projects/FirstBPProjectUE/Saved/Config/Windows/Engine.ini]
[2024.07.11-15.34.53:883][  0]LogConfig: Applying CVar settings from Section [/Script/Engine.StreamingSettings] File [D:/Develop/Unreal Projects/FirstBPProjectUE/Saved/Config/Windows/Engine.ini]
[2024.07.11-15.34.53:883][  0]LogConfig: Setting CVar [[s.MinBulkDataSizeForAsyncLoading:131072]]
[2024.07.11-15.34.53:883][  0]LogConfig: Setting CVar [[s.AsyncLoadingThreadEnabled:0]]
[2024.07.11-15.34.53:883][  0]LogConfig: Setting CVar [[s.EventDrivenLoaderEnabled:1]]
[2024.07.11-15.34.53:883][  0]LogConfig: Setting CVar [[s.WarnIfTimeLimitExceeded:0]]
[2024.07.11-15.34.53:883][  0]LogConfig: Setting CVar [[s.TimeLimitExceededMultiplier:1.5]]
[2024.07.11-15.34.53:883][  0]LogConfig: Setting CVar [[s.TimeLimitExceededMinTime:0.005]]
[2024.07.11-15.34.53:883][  0]LogConfig: Setting CVar [[s.UseBackgroundLevelStreaming:1]]
[2024.07.11-15.34.53:883][  0]LogConfig: Setting CVar [[s.PriorityAsyncLoadingExtraTime:15.0]]
[2024.07.11-15.34.53:884][  0]LogConfig: Setting CVar [[s.LevelStreamingActorsUpdateTimeLimit:5.0]]
[2024.07.11-15.34.53:884][  0]LogConfig: Setting CVar [[s.PriorityLevelStreamingActorsUpdateExtraTime:5.0]]
[2024.07.11-15.34.53:884][  0]LogConfig: Setting CVar [[s.LevelStreamingComponentsRegistrationGranularity:10]]
[2024.07.11-15.34.53:884][  0]LogConfig: Setting CVar [[s.UnregisterComponentsTimeLimit:1.0]]
[2024.07.11-15.34.53:884][  0]LogConfig: Setting CVar [[s.LevelStreamingComponentsUnregistrationGranularity:5]]
[2024.07.11-15.34.53:884][  0]LogConfig: Setting CVar [[s.FlushStreamingOnExit:1]]
[2024.07.11-15.34.53:884][  0]LogConfig: Applying CVar settings from Section [/Script/Engine.GarbageCollectionSettings] File [D:/Develop/Unreal Projects/FirstBPProjectUE/Saved/Config/Windows/Engine.ini]
[2024.07.11-15.34.53:884][  0]LogConfig: Setting CVar [[gc.MaxObjectsNotConsideredByGC:1]]
[2024.07.11-15.34.53:884][  0]LogConfig: Setting CVar [[gc.SizeOfPermanentObjectPool:0]]
[2024.07.11-15.34.53:884][  0]LogConfig: Setting CVar [[gc.FlushStreamingOnGC:0]]
[2024.07.11-15.34.53:884][  0]LogConfig: Setting CVar [[gc.NumRetriesBeforeForcingGC:10]]
[2024.07.11-15.34.53:884][  0]LogConfig: Setting CVar [[gc.AllowParallelGC:1]]
[2024.07.11-15.34.53:884][  0]LogConfig: Setting CVar [[gc.TimeBetweenPurgingPendingKillObjects:61.1]]
[2024.07.11-15.34.53:884][  0]LogConfig: Setting CVar [[gc.MaxObjectsInEditor:25165824]]
[2024.07.11-15.34.53:884][  0]LogConfig: Setting CVar [[gc.IncrementalBeginDestroyEnabled:1]]
[2024.07.11-15.34.53:884][  0]LogConfig: Setting CVar [[gc.CreateGCClusters:1]]
[2024.07.11-15.34.53:884][  0]LogConfig: Setting CVar [[gc.MinGCClusterSize:5]]
[2024.07.11-15.34.53:884][  0]LogConfig: Setting CVar [[gc.ActorClusteringEnabled:0]]
[2024.07.11-15.34.53:884][  0]LogConfig: Setting CVar [[gc.BlueprintClusteringEnabled:0]]
[2024.07.11-15.34.53:884][  0]LogConfig: Setting CVar [[gc.UseDisregardForGCOnDedicatedServers:0]]
[2024.07.11-15.34.53:884][  0]LogConfig: Setting CVar [[gc.MultithreadedDestructionEnabled:1]]
[2024.07.11-15.34.53:884][  0]LogConfig: Applying CVar settings from Section [/Script/Engine.NetworkSettings] File [D:/Develop/Unreal Projects/FirstBPProjectUE/Saved/Config/Windows/Engine.ini]
[2024.07.11-15.34.53:884][  0]LogConfig: Applying CVar settings from Section [/Script/UnrealEd.CookerSettings] File [D:/Develop/Unreal Projects/FirstBPProjectUE/Saved/Config/Windows/Engine.ini]
[2024.07.11-15.34.53:892][  0]LogConfig: Applying CVar settings from Section [ViewDistanceQuality@3] File [D:/Develop/Unreal Projects/FirstBPProjectUE/Saved/Config/Windows/Scalability.ini]
[2024.07.11-15.34.53:892][  0]LogConfig: Setting CVar [[r.SkeletalMeshLODBias:0]]
[2024.07.11-15.34.53:892][  0]LogConfig: Setting CVar [[r.ViewDistanceScale:1.0]]
[2024.07.11-15.34.53:892][  0]LogConfig: Applying CVar settings from Section [AntiAliasingQuality@3] File [D:/Develop/Unreal Projects/FirstBPProjectUE/Saved/Config/Windows/Scalability.ini]
[2024.07.11-15.34.53:892][  0]LogConfig: Setting CVar [[r.PostProcessAAQuality:4]]
[2024.07.11-15.34.53:892][  0]LogConfig: Applying CVar settings from Section [ShadowQuality@3] File [D:/Develop/Unreal Projects/FirstBPProjectUE/Saved/Config/Windows/Scalability.ini]
[2024.07.11-15.34.53:893][  0]LogConfig: Setting CVar [[r.LightFunctionQuality:1]]
[2024.07.11-15.34.53:893][  0]LogConfig: Setting CVar [[r.ShadowQuality:5]]
[2024.07.11-15.34.53:893][  0]LogConfig: Setting CVar [[r.Shadow.CSM.MaxCascades:10]]
[2024.07.11-15.34.53:893][  0]LogConfig: Setting CVar [[r.Shadow.MaxResolution:2048]]
[2024.07.11-15.34.53:893][  0]LogConfig: Setting CVar [[r.Shadow.MaxCSMResolution:2048]]
[2024.07.11-15.34.53:893][  0]LogConfig: Setting CVar [[r.Shadow.RadiusThreshold:0.01]]
[2024.07.11-15.34.53:893][  0]LogConfig: Setting CVar [[r.Shadow.DistanceScale:1.0]]
[2024.07.11-15.34.53:893][  0]LogConfig: Setting CVar [[r.Shadow.CSM.TransitionScale:1.0]]
[2024.07.11-15.34.53:893][  0]LogConfig: Setting CVar [[r.Shadow.PreShadowResolutionFactor:1.0]]
[2024.07.11-15.34.53:893][  0]LogConfig: Setting CVar [[r.DistanceFieldShadowing:1]]
[2024.07.11-15.34.53:893][  0]LogConfig: Setting CVar [[r.DistanceFieldAO:1]]
[2024.07.11-15.34.53:893][  0]LogConfig: Setting CVar [[r.AOQuality:2]]
[2024.07.11-15.34.53:893][  0]LogConfig: Setting CVar [[r.VolumetricFog:1]]
[2024.07.11-15.34.53:893][  0]LogConfig: Setting CVar [[r.VolumetricFog.GridPixelSize:8]]
[2024.07.11-15.34.53:893][  0]LogConfig: Setting CVar [[r.VolumetricFog.GridSizeZ:128]]
[2024.07.11-15.34.53:893][  0]LogConfig: Setting CVar [[r.VolumetricFog.HistoryMissSupersampleCount:4]]
[2024.07.11-15.34.53:893][  0]LogConfig: Setting CVar [[r.LightMaxDrawDistanceScale:1]]
[2024.07.11-15.34.53:893][  0]LogConfig: Setting CVar [[r.CapsuleShadows:1]]
[2024.07.11-15.34.53:893][  0]LogConfig: Applying CVar settings from Section [PostProcessQuality@3] File [D:/Develop/Unreal Projects/FirstBPProjectUE/Saved/Config/Windows/Scalability.ini]
[2024.07.11-15.34.53:893][  0]LogConfig: Setting CVar [[r.MotionBlurQuality:4]]
[2024.07.11-15.34.53:893][  0]LogConfig: Setting CVar [[r.AmbientOcclusionMipLevelFactor:0.4]]
[2024.07.11-15.34.53:893][  0]LogConfig: Setting CVar [[r.AmbientOcclusionMaxQuality:100]]
[2024.07.11-15.34.53:893][  0]LogConfig: Setting CVar [[r.AmbientOcclusionLevels:-1]]
[2024.07.11-15.34.53:893][  0]LogConfig: Setting CVar [[r.AmbientOcclusionRadiusScale:1.0]]
[2024.07.11-15.34.53:893][  0]LogConfig: Setting CVar [[r.DepthOfFieldQuality:2]]
[2024.07.11-15.34.53:893][  0]LogConfig: Setting CVar [[r.RenderTargetPoolMin:400]]
[2024.07.11-15.34.53:893][  0]LogConfig: Setting CVar [[r.LensFlareQuality:2]]
[2024.07.11-15.34.53:893][  0]LogConfig: Setting CVar [[r.SceneColorFringeQuality:1]]
[2024.07.11-15.34.53:893][  0]LogConfig: Setting CVar [[r.EyeAdaptationQuality:2]]
[2024.07.11-15.34.53:893][  0]LogConfig: Setting CVar [[r.BloomQuality:5]]
[2024.07.11-15.34.53:893][  0]LogConfig: Setting CVar [[r.FastBlurThreshold:100]]
[2024.07.11-15.34.53:893][  0]LogConfig: Setting CVar [[r.Upscale.Quality:3]]
[2024.07.11-15.34.53:893][  0]LogConfig: Setting CVar [[r.Tonemapper.GrainQuantization:1]]
[2024.07.11-15.34.53:893][  0]LogConfig: Setting CVar [[r.LightShaftQuality:1]]
[2024.07.11-15.34.53:893][  0]LogConfig: Setting CVar [[r.Filter.SizeScale:1]]
[2024.07.11-15.34.53:893][  0]LogConfig: Setting CVar [[r.Tonemapper.Quality:5]]
[2024.07.11-15.34.53:893][  0]LogConfig: Setting CVar [[r.DOF.Gather.AccumulatorQuality:1        ; higher gathering accumulator quality]]
[2024.07.11-15.34.53:893][  0]LogConfig: Setting CVar [[r.DOF.Gather.PostfilterMethod:1          ; Median3x3 postfilering method]]
[2024.07.11-15.34.53:893][  0]LogConfig: Setting CVar [[r.DOF.Gather.EnableBokehSettings:0       ; no bokeh simulation when gathering]]
[2024.07.11-15.34.53:893][  0]LogConfig: Setting CVar [[r.DOF.Gather.RingCount:4                 ; medium number of samples when gathering]]
[2024.07.11-15.34.53:893][  0]LogConfig: Setting CVar [[r.DOF.Scatter.ForegroundCompositing:1    ; additive foreground scattering]]
[2024.07.11-15.34.53:893][  0]LogConfig: Setting CVar [[r.DOF.Scatter.BackgroundCompositing:2    ; additive background scattering]]
[2024.07.11-15.34.53:893][  0]LogConfig: Setting CVar [[r.DOF.Scatter.EnableBokehSettings:1      ; bokeh simulation when scattering]]
[2024.07.11-15.34.53:893][  0]LogConfig: Setting CVar [[r.DOF.Scatter.MaxSpriteRatio:0.1         ; only a maximum of 10% of scattered bokeh]]
[2024.07.11-15.34.53:893][  0]LogConfig: Setting CVar [[r.DOF.Recombine.Quality:1                ; cheap slight out of focus]]
[2024.07.11-15.34.53:893][  0]LogConfig: Setting CVar [[r.DOF.Recombine.EnableBokehSettings:0    ; no bokeh simulation on slight out of focus]]
[2024.07.11-15.34.53:893][  0]LogConfig: Setting CVar [[r.DOF.TemporalAAQuality:1                ; more stable temporal accumulation]]
[2024.07.11-15.34.53:893][  0]LogConfig: Setting CVar [[r.DOF.Kernel.MaxForegroundRadius:0.025]]
[2024.07.11-15.34.53:893][  0]LogConfig: Setting CVar [[r.DOF.Kernel.MaxBackgroundRadius:0.025]]
[2024.07.11-15.34.53:893][  0]LogConfig: Applying CVar settings from Section [TextureQuality@3] File [D:/Develop/Unreal Projects/FirstBPProjectUE/Saved/Config/Windows/Scalability.ini]
[2024.07.11-15.34.53:893][  0]LogConfig: Setting CVar [[r.Streaming.MipBias:0]]
[2024.07.11-15.34.53:893][  0]LogConfig: Setting CVar [[r.Streaming.AmortizeCPUToGPUCopy:0]]
[2024.07.11-15.34.53:893][  0]LogConfig: Setting CVar [[r.Streaming.MaxNumTexturesToStreamPerFrame:0]]
[2024.07.11-15.34.53:893][  0]LogConfig: Setting CVar [[r.Streaming.Boost:1]]
[2024.07.11-15.34.53:893][  0]LogConfig: Setting CVar [[r.MaxAnisotropy:8]]
[2024.07.11-15.34.53:893][  0]LogConfig: Setting CVar [[r.VT.MaxAnisotropy:8]]
[2024.07.11-15.34.53:893][  0]LogConfig: Setting CVar [[r.Streaming.LimitPoolSizeToVRAM:0]]
[2024.07.11-15.34.53:893][  0]LogConfig: Setting CVar [[r.Streaming.PoolSize:1000]]
[2024.07.11-15.34.53:893][  0]LogConfig: Setting CVar [[r.Streaming.MaxEffectiveScreenSize:0]]
[2024.07.11-15.34.53:893][  0]LogConfig: Applying CVar settings from Section [EffectsQuality@3] File [D:/Develop/Unreal Projects/FirstBPProjectUE/Saved/Config/Windows/Scalability.ini]
[2024.07.11-15.34.53:893][  0]LogConfig: Setting CVar [[r.TranslucencyLightingVolumeDim:64]]
[2024.07.11-15.34.53:894][  0]LogConfig: Setting CVar [[r.RefractionQuality:2]]
[2024.07.11-15.34.53:894][  0]LogConfig: Setting CVar [[r.SSR.Quality:3]]
[2024.07.11-15.34.53:894][  0]LogConfig: Setting CVar [[r.SSR.HalfResSceneColor:0]]
[2024.07.11-15.34.53:894][  0]LogConfig: Setting CVar [[r.SceneColorFormat:4]]
[2024.07.11-15.34.53:894][  0]LogConfig: Setting CVar [[r.DetailMode:2]]
[2024.07.11-15.34.53:894][  0]LogConfig: Setting CVar [[r.TranslucencyVolumeBlur:1]]
[2024.07.11-15.34.53:894][  0]LogConfig: Setting CVar [[r.MaterialQualityLevel:1 ; High quality]]
[2024.07.11-15.34.53:894][  0]LogConfig: Setting CVar [[r.AnisotropicMaterials:1]]
[2024.07.11-15.34.53:894][  0]LogConfig: Setting CVar [[r.SSS.Scale:1]]
[2024.07.11-15.34.53:894][  0]LogConfig: Setting CVar [[r.SSS.SampleSet:2]]
[2024.07.11-15.34.53:894][  0]LogConfig: Setting CVar [[r.SSS.Quality:1]]
[2024.07.11-15.34.53:894][  0]LogConfig: Setting CVar [[r.SSS.HalfRes:0]]
[2024.07.11-15.34.53:894][  0]LogConfig: Setting CVar [[r.SSGI.Quality:3]]
[2024.07.11-15.34.53:894][  0]LogConfig: Setting CVar [[r.EmitterSpawnRateScale:1.0]]
[2024.07.11-15.34.53:894][  0]LogConfig: Setting CVar [[r.ParticleLightQuality:2]]
[2024.07.11-15.34.53:894][  0]LogConfig: Setting CVar [[r.SkyAtmosphere.AerialPerspectiveLUT.FastApplyOnOpaque:1 ; Always have FastSkyLUT 1 in this case to avoid wrong sky]]
[2024.07.11-15.34.53:894][  0]LogConfig: Setting CVar [[r.SkyAtmosphere.AerialPerspectiveLUT.SampleCountMaxPerSlice:4]]
[2024.07.11-15.34.53:894][  0]LogConfig: Setting CVar [[r.SkyAtmosphere.AerialPerspectiveLUT.DepthResolution:16.0]]
[2024.07.11-15.34.53:894][  0]LogConfig: Setting CVar [[r.SkyAtmosphere.FastSkyLUT:1]]
[2024.07.11-15.34.53:894][  0]LogConfig: Setting CVar [[r.SkyAtmosphere.FastSkyLUT.SampleCountMin:4.0]]
[2024.07.11-15.34.53:894][  0]LogConfig: Setting CVar [[r.SkyAtmosphere.FastSkyLUT.SampleCountMax:128.0]]
[2024.07.11-15.34.53:894][  0]LogConfig: Setting CVar [[r.SkyAtmosphere.SampleCountMin:4.0]]
[2024.07.11-15.34.53:894][  0]LogConfig: Setting CVar [[r.SkyAtmosphere.SampleCountMax:128.0]]
[2024.07.11-15.34.53:894][  0]LogConfig: Setting CVar [[r.SkyAtmosphere.TransmittanceLUT.UseSmallFormat:0]]
[2024.07.11-15.34.53:894][  0]LogConfig: Setting CVar [[r.SkyAtmosphere.TransmittanceLUT.SampleCount:10.0]]
[2024.07.11-15.34.53:894][  0]LogConfig: Setting CVar [[r.SkyAtmosphere.MultiScatteringLUT.SampleCount:15.0]]
[2024.07.11-15.34.53:894][  0]LogConfig: Setting CVar [[r.SkyLight.RealTimeReflectionCapture:1]]
[2024.07.11-15.34.53:894][  0]LogConfig: Applying CVar settings from Section [FoliageQuality@3] File [D:/Develop/Unreal Projects/FirstBPProjectUE/Saved/Config/Windows/Scalability.ini]
[2024.07.11-15.34.53:894][  0]LogConfig: Setting CVar [[foliage.DensityScale:1.0]]
[2024.07.11-15.34.53:894][  0]LogConfig: Setting CVar [[grass.DensityScale:1.0]]
[2024.07.11-15.34.53:894][  0]LogConfig: Applying CVar settings from Section [ShadingQuality@3] File [D:/Develop/Unreal Projects/FirstBPProjectUE/Saved/Config/Windows/Scalability.ini]
[2024.07.11-15.34.53:894][  0]LogConfig: Setting CVar [[r.HairStrands.SkyLighting.IntegrationType:2]]
[2024.07.11-15.34.53:894][  0]LogConfig: Setting CVar [[r.HairStrands.SkyAO.SampleCount:4]]
[2024.07.11-15.34.53:894][  0]LogConfig: Setting CVar [[r.HairStrands.Visibility.MSAA.SamplePerPixel:4]]
[2024.07.11-15.34.53:894][  0]LogInit: Selected Device Profile: [Windows]
[2024.07.11-15.34.53:894][  0]LogInit: Applying CVar settings loaded from the selected device profile: [Windows]
[2024.07.11-15.34.53:894][  0]LogHAL: Display: Platform has ~ 12 GB [12762009600 / 17179869184 / 12], which maps to Larger [LargestMinGB=32, LargerMinGB=12, DefaultMinGB=8, SmallerMinGB=6, SmallestMinGB=0)
[2024.07.11-15.34.53:894][  0]LogInit: Going up to parent DeviceProfile []
[2024.07.11-15.34.53:894][  0]LogConfig: Applying CVar settings from Section [ViewDistanceQuality@3] File [D:/Develop/Unreal Projects/FirstBPProjectUE/Saved/Config/Windows/Scalability.ini]
[2024.07.11-15.34.53:894][  0]LogConfig: Setting CVar [[r.SkeletalMeshLODBias:0]]
[2024.07.11-15.34.53:894][  0]LogConfig: Setting CVar [[r.ViewDistanceScale:1.0]]
[2024.07.11-15.34.53:894][  0]LogConfig: Applying CVar settings from Section [AntiAliasingQuality@3] File [D:/Develop/Unreal Projects/FirstBPProjectUE/Saved/Config/Windows/Scalability.ini]
[2024.07.11-15.34.53:894][  0]LogConfig: Setting CVar [[r.PostProcessAAQuality:4]]
[2024.07.11-15.34.53:894][  0]LogConfig: Applying CVar settings from Section [ShadowQuality@3] File [D:/Develop/Unreal Projects/FirstBPProjectUE/Saved/Config/Windows/Scalability.ini]
[2024.07.11-15.34.53:895][  0]LogConfig: Setting CVar [[r.LightFunctionQuality:1]]
[2024.07.11-15.34.53:895][  0]LogConfig: Setting CVar [[r.ShadowQuality:5]]
[2024.07.11-15.34.53:895][  0]LogConfig: Setting CVar [[r.Shadow.CSM.MaxCascades:10]]
[2024.07.11-15.34.53:895][  0]LogConfig: Setting CVar [[r.Shadow.MaxResolution:2048]]
[2024.07.11-15.34.53:895][  0]LogConfig: Setting CVar [[r.Shadow.MaxCSMResolution:2048]]
[2024.07.11-15.34.53:895][  0]LogConfig: Setting CVar [[r.Shadow.RadiusThreshold:0.01]]
[2024.07.11-15.34.53:895][  0]LogConfig: Setting CVar [[r.Shadow.DistanceScale:1.0]]
[2024.07.11-15.34.53:895][  0]LogConfig: Setting CVar [[r.Shadow.CSM.TransitionScale:1.0]]
[2024.07.11-15.34.53:895][  0]LogConfig: Setting CVar [[r.Shadow.PreShadowResolutionFactor:1.0]]
[2024.07.11-15.34.53:895][  0]LogConfig: Setting CVar [[r.DistanceFieldShadowing:1]]
[2024.07.11-15.34.53:895][  0]LogConfig: Setting CVar [[r.DistanceFieldAO:1]]
[2024.07.11-15.34.53:895][  0]LogConfig: Setting CVar [[r.AOQuality:2]]
[2024.07.11-15.34.53:895][  0]LogConfig: Setting CVar [[r.VolumetricFog:1]]
[2024.07.11-15.34.53:895][  0]LogConfig: Setting CVar [[r.VolumetricFog.GridPixelSize:8]]
[2024.07.11-15.34.53:895][  0]LogConfig: Setting CVar [[r.VolumetricFog.GridSizeZ:128]]
[2024.07.11-15.34.53:895][  0]LogConfig: Setting CVar [[r.VolumetricFog.HistoryMissSupersampleCount:4]]
[2024.07.11-15.34.53:895][  0]LogConfig: Setting CVar [[r.LightMaxDrawDistanceScale:1]]
[2024.07.11-15.34.53:895][  0]LogConfig: Setting CVar [[r.CapsuleShadows:1]]
[2024.07.11-15.34.53:895][  0]LogConfig: Applying CVar settings from Section [PostProcessQuality@3] File [D:/Develop/Unreal Projects/FirstBPProjectUE/Saved/Config/Windows/Scalability.ini]
[2024.07.11-15.34.53:895][  0]LogConfig: Setting CVar [[r.MotionBlurQuality:4]]
[2024.07.11-15.34.53:895][  0]LogConfig: Setting CVar [[r.AmbientOcclusionMipLevelFactor:0.4]]
[2024.07.11-15.34.53:895][  0]LogConfig: Setting CVar [[r.AmbientOcclusionMaxQuality:100]]
[2024.07.11-15.34.53:895][  0]LogConfig: Setting CVar [[r.AmbientOcclusionLevels:-1]]
[2024.07.11-15.34.53:895][  0]LogConfig: Setting CVar [[r.AmbientOcclusionRadiusScale:1.0]]
[2024.07.11-15.34.53:895][  0]LogConfig: Setting CVar [[r.DepthOfFieldQuality:2]]
[2024.07.11-15.34.53:895][  0]LogConfig: Setting CVar [[r.RenderTargetPoolMin:400]]
[2024.07.11-15.34.53:895][  0]LogConfig: Setting CVar [[r.LensFlareQuality:2]]
[2024.07.11-15.34.53:895][  0]LogConfig: Setting CVar [[r.SceneColorFringeQuality:1]]
[2024.07.11-15.34.53:895][  0]LogConfig: Setting CVar [[r.EyeAdaptationQuality:2]]
[2024.07.11-15.34.53:895][  0]LogConfig: Setting CVar [[r.BloomQuality:5]]
[2024.07.11-15.34.53:895][  0]LogConfig: Setting CVar [[r.FastBlurThreshold:100]]
[2024.07.11-15.34.53:895][  0]LogConfig: Setting CVar [[r.Upscale.Quality:3]]
[2024.07.11-15.34.53:895][  0]LogConfig: Setting CVar [[r.Tonemapper.GrainQuantization:1]]
[2024.07.11-15.34.53:895][  0]LogConfig: Setting CVar [[r.LightShaftQuality:1]]
[2024.07.11-15.34.53:895][  0]LogConfig: Setting CVar [[r.Filter.SizeScale:1]]
[2024.07.11-15.34.53:895][  0]LogConfig: Setting CVar [[r.Tonemapper.Quality:5]]
[2024.07.11-15.34.53:895][  0]LogConfig: Setting CVar [[r.DOF.Gather.AccumulatorQuality:1        ; higher gathering accumulator quality]]
[2024.07.11-15.34.53:895][  0]LogConfig: Setting CVar [[r.DOF.Gather.PostfilterMethod:1          ; Median3x3 postfilering method]]
[2024.07.11-15.34.53:895][  0]LogConfig: Setting CVar [[r.DOF.Gather.EnableBokehSettings:0       ; no bokeh simulation when gathering]]
[2024.07.11-15.34.53:895][  0]LogConfig: Setting CVar [[r.DOF.Gather.RingCount:4                 ; medium number of samples when gathering]]
[2024.07.11-15.34.53:895][  0]LogConfig: Setting CVar [[r.DOF.Scatter.ForegroundCompositing:1    ; additive foreground scattering]]
[2024.07.11-15.34.53:895][  0]LogConfig: Setting CVar [[r.DOF.Scatter.BackgroundCompositing:2    ; additive background scattering]]
[2024.07.11-15.34.53:895][  0]LogConfig: Setting CVar [[r.DOF.Scatter.EnableBokehSettings:1      ; bokeh simulation when scattering]]
[2024.07.11-15.34.53:895][  0]LogConfig: Setting CVar [[r.DOF.Scatter.MaxSpriteRatio:0.1         ; only a maximum of 10% of scattered bokeh]]
[2024.07.11-15.34.53:895][  0]LogConfig: Setting CVar [[r.DOF.Recombine.Quality:1                ; cheap slight out of focus]]
[2024.07.11-15.34.53:895][  0]LogConfig: Setting CVar [[r.DOF.Recombine.EnableBokehSettings:0    ; no bokeh simulation on slight out of focus]]
[2024.07.11-15.34.53:895][  0]LogConfig: Setting CVar [[r.DOF.TemporalAAQuality:1                ; more stable temporal accumulation]]
[2024.07.11-15.34.53:895][  0]LogConfig: Setting CVar [[r.DOF.Kernel.MaxForegroundRadius:0.025]]
[2024.07.11-15.34.53:895][  0]LogConfig: Setting CVar [[r.DOF.Kernel.MaxBackgroundRadius:0.025]]
[2024.07.11-15.34.53:895][  0]LogConfig: Applying CVar settings from Section [TextureQuality@3] File [D:/Develop/Unreal Projects/FirstBPProjectUE/Saved/Config/Windows/Scalability.ini]
[2024.07.11-15.34.53:895][  0]LogConfig: Setting CVar [[r.Streaming.MipBias:0]]
[2024.07.11-15.34.53:895][  0]LogConfig: Setting CVar [[r.Streaming.AmortizeCPUToGPUCopy:0]]
[2024.07.11-15.34.53:895][  0]LogConfig: Setting CVar [[r.Streaming.MaxNumTexturesToStreamPerFrame:0]]
[2024.07.11-15.34.53:895][  0]LogConfig: Setting CVar [[r.Streaming.Boost:1]]
[2024.07.11-15.34.53:895][  0]LogConfig: Setting CVar [[r.MaxAnisotropy:8]]
[2024.07.11-15.34.53:895][  0]LogConfig: Setting CVar [[r.VT.MaxAnisotropy:8]]
[2024.07.11-15.34.53:895][  0]LogConfig: Setting CVar [[r.Streaming.LimitPoolSizeToVRAM:0]]
[2024.07.11-15.34.53:896][  0]LogConfig: Setting CVar [[r.Streaming.PoolSize:1000]]
[2024.07.11-15.34.53:896][  0]LogConfig: Setting CVar [[r.Streaming.MaxEffectiveScreenSize:0]]
[2024.07.11-15.34.53:896][  0]LogConfig: Applying CVar settings from Section [EffectsQuality@3] File [D:/Develop/Unreal Projects/FirstBPProjectUE/Saved/Config/Windows/Scalability.ini]
[2024.07.11-15.34.53:896][  0]LogConfig: Setting CVar [[r.TranslucencyLightingVolumeDim:64]]
[2024.07.11-15.34.53:896][  0]LogConfig: Setting CVar [[r.RefractionQuality:2]]
[2024.07.11-15.34.53:896][  0]LogConfig: Setting CVar [[r.SSR.Quality:3]]
[2024.07.11-15.34.53:896][  0]LogConfig: Setting CVar [[r.SSR.HalfResSceneColor:0]]
[2024.07.11-15.34.53:896][  0]LogConfig: Setting CVar [[r.SceneColorFormat:4]]
[2024.07.11-15.34.53:896][  0]LogConfig: Setting CVar [[r.DetailMode:2]]
[2024.07.11-15.34.53:896][  0]LogConfig: Setting CVar [[r.TranslucencyVolumeBlur:1]]
[2024.07.11-15.34.53:896][  0]LogConfig: Setting CVar [[r.MaterialQualityLevel:1 ; High quality]]
[2024.07.11-15.34.53:896][  0]LogConfig: Setting CVar [[r.AnisotropicMaterials:1]]
[2024.07.11-15.34.53:896][  0]LogConfig: Setting CVar [[r.SSS.Scale:1]]
[2024.07.11-15.34.53:896][  0]LogConfig: Setting CVar [[r.SSS.SampleSet:2]]
[2024.07.11-15.34.53:896][  0]LogConfig: Setting CVar [[r.SSS.Quality:1]]
[2024.07.11-15.34.53:896][  0]LogConfig: Setting CVar [[r.SSS.HalfRes:0]]
[2024.07.11-15.34.53:896][  0]LogConfig: Setting CVar [[r.SSGI.Quality:3]]
[2024.07.11-15.34.53:896][  0]LogConfig: Setting CVar [[r.EmitterSpawnRateScale:1.0]]
[2024.07.11-15.34.53:896][  0]LogConfig: Setting CVar [[r.ParticleLightQuality:2]]
[2024.07.11-15.34.53:896][  0]LogConfig: Setting CVar [[r.SkyAtmosphere.AerialPerspectiveLUT.FastApplyOnOpaque:1 ; Always have FastSkyLUT 1 in this case to avoid wrong sky]]
[2024.07.11-15.34.53:896][  0]LogConfig: Setting CVar [[r.SkyAtmosphere.AerialPerspectiveLUT.SampleCountMaxPerSlice:4]]
[2024.07.11-15.34.53:896][  0]LogConfig: Setting CVar [[r.SkyAtmosphere.AerialPerspectiveLUT.DepthResolution:16.0]]
[2024.07.11-15.34.53:896][  0]LogConfig: Setting CVar [[r.SkyAtmosphere.FastSkyLUT:1]]
[2024.07.11-15.34.53:896][  0]LogConfig: Setting CVar [[r.SkyAtmosphere.FastSkyLUT.SampleCountMin:4.0]]
[2024.07.11-15.34.53:896][  0]LogConfig: Setting CVar [[r.SkyAtmosphere.FastSkyLUT.SampleCountMax:128.0]]
[2024.07.11-15.34.53:896][  0]LogConfig: Setting CVar [[r.SkyAtmosphere.SampleCountMin:4.0]]
[2024.07.11-15.34.53:896][  0]LogConfig: Setting CVar [[r.SkyAtmosphere.SampleCountMax:128.0]]
[2024.07.11-15.34.53:896][  0]LogConfig: Setting CVar [[r.SkyAtmosphere.TransmittanceLUT.UseSmallFormat:0]]
[2024.07.11-15.34.53:896][  0]LogConfig: Setting CVar [[r.SkyAtmosphere.TransmittanceLUT.SampleCount:10.0]]
[2024.07.11-15.34.53:896][  0]LogConfig: Setting CVar [[r.SkyAtmosphere.MultiScatteringLUT.SampleCount:15.0]]
[2024.07.11-15.34.53:896][  0]LogConfig: Setting CVar [[r.SkyLight.RealTimeReflectionCapture:1]]
[2024.07.11-15.34.53:896][  0]LogConfig: Applying CVar settings from Section [FoliageQuality@3] File [D:/Develop/Unreal Projects/FirstBPProjectUE/Saved/Config/Windows/Scalability.ini]
[2024.07.11-15.34.53:896][  0]LogConfig: Setting CVar [[foliage.DensityScale:1.0]]
[2024.07.11-15.34.53:896][  0]LogConfig: Setting CVar [[grass.DensityScale:1.0]]
[2024.07.11-15.34.53:896][  0]LogConfig: Applying CVar settings from Section [ShadingQuality@3] File [D:/Develop/Unreal Projects/FirstBPProjectUE/Saved/Config/Windows/Scalability.ini]
[2024.07.11-15.34.53:896][  0]LogConfig: Setting CVar [[r.HairStrands.SkyLighting.IntegrationType:2]]
[2024.07.11-15.34.53:896][  0]LogConfig: Setting CVar [[r.HairStrands.SkyAO.SampleCount:4]]
[2024.07.11-15.34.53:896][  0]LogConfig: Setting CVar [[r.HairStrands.Visibility.MSAA.SamplePerPixel:4]]
[2024.07.11-15.34.53:896][  0]LogConfig: Applying CVar settings from Section [Startup] File [../../../Engine/Config/ConsoleVariables.ini]
[2024.07.11-15.34.53:897][  0]LogConfig: Setting CVar [[net.UseAdaptiveNetUpdateFrequency:0]]
[2024.07.11-15.34.53:897][  0]LogConfig: Setting CVar [[p.chaos.AllowCreatePhysxBodies:1]]
[2024.07.11-15.34.53:897][  0]LogConfig: Setting CVar [[fx.SkipVectorVMBackendOptimizations:1]]
[2024.07.11-15.34.53:897][  0]LogConfig: Applying CVar settings from Section [ConsoleVariables] File [D:/Develop/Unreal Projects/FirstBPProjectUE/Saved/Config/Windows/Engine.ini]
[2024.07.11-15.34.53:897][  0]LogConfig: Applying CVar settings from Section [ConsoleVariables] File [D:/Develop/Unreal Projects/FirstBPProjectUE/Saved/Config/Windows/Editor.ini]
[2024.07.11-15.34.53:897][  0]LogInit: Computer: NICO
[2024.07.11-15.34.53:897][  0]LogInit: User: nicol
[2024.07.11-15.34.53:897][  0]LogInit: CPU Page size=4096, Cores=4
[2024.07.11-15.34.53:897][  0]LogInit: High frequency timer resolution =10.000000 MHz
[2024.07.11-15.34.53:897][  0]LogMemory: Memory total: Physical=11.9GB (12GB approx)
[2024.07.11-15.34.53:897][  0]LogMemory: Platform Memory Stats for Windows
[2024.07.11-15.34.53:897][  0]LogMemory: Process Physical Memory: 144.66 MB used, 144.66 MB peak
[2024.07.11-15.34.53:897][  0]LogMemory: Process Virtual Memory: 114.47 MB used, 114.47 MB peak
[2024.07.11-15.34.53:897][  0]LogMemory: Physical Memory: 7447.21 MB used,  4723.59 MB free, 12170.80 MB total
[2024.07.11-15.34.53:897][  0]LogMemory: Virtual Memory: 134214960.00 MB used,  2764.14 MB free, 134217728.00 MB total
[2024.07.11-15.34.53:902][  0]LogWindows: WindowsPlatformFeatures enabled
[2024.07.11-15.34.53:963][  0]LogInit: Physics initialised using underlying interface: PhysX
[2024.07.11-15.34.53:964][  0]LogInit: Using OS detected language (en-US).
[2024.07.11-15.34.53:964][  0]LogInit: Using OS detected locale (es-CO).
[2024.07.11-15.34.53:965][  0]LogTextLocalizationManager: No specific localization for 'en-US' exists, so the 'en' localization will be used.
[2024.07.11-15.34.54:197][  0]LogInit: Setting process to per monitor DPI aware
[2024.07.11-15.34.54:221][  0]LogWindowsTextInputMethodSystem: Display: IME system deactivated.
[2024.07.11-15.34.54:300][  0]LogSlate: New Slate User Created.  User Index 0, Is Virtual User: 0
[2024.07.11-15.34.54:300][  0]LogSlate: Slate User Registered.  User Index 0, Is Virtual User: 0
[2024.07.11-15.34.54:427][  0]LogD3D11RHI: Loaded GFSDK_Aftermath_Lib.x64.dll
[2024.07.11-15.34.54:556][  0]LogHMD: Failed to initialize OpenVR with code 110
[2024.07.11-15.34.54:556][  0]LogD3D11RHI: D3D11 min allowed feature level: 11_0
[2024.07.11-15.34.54:556][  0]LogD3D11RHI: D3D11 max allowed feature level: 11_0
[2024.07.11-15.34.54:556][  0]LogD3D11RHI: D3D11 adapters:
[2024.07.11-15.34.54:687][  0]LogD3D11RHI:    0. 'NVIDIA GeForce 930MX' (Feature Level 11_0)
[2024.07.11-15.34.54:688][  0]LogD3D11RHI:       2001/0/6085 MB DedicatedVideo/DedicatedSystem/SharedSystem, Outputs:1, VendorId:0x10de
[2024.07.11-15.34.54:720][  0]LogD3D11RHI:    1. 'Intel(R) UHD Graphics 620' (Feature Level 11_0)
[2024.07.11-15.34.54:720][  0]LogD3D11RHI:       128/0/6085 MB DedicatedVideo/DedicatedSystem/SharedSystem, Outputs:0, VendorId:0x8086
[2024.07.11-15.34.54:722][  0]LogD3D11RHI:    2. 'Microsoft Basic Render Driver' (Feature Level 11_0)
[2024.07.11-15.34.54:722][  0]LogD3D11RHI:       0/0/6085 MB DedicatedVideo/DedicatedSystem/SharedSystem, Outputs:0, VendorId:0x1414
[2024.07.11-15.34.54:722][  0]LogD3D11RHI: Chosen D3D11 Adapter:
[2024.07.11-15.34.54:722][  0]LogD3D11RHI:     Description : NVIDIA GeForce 930MX
[2024.07.11-15.34.54:722][  0]LogD3D11RHI:     VendorId    : 10de
[2024.07.11-15.34.54:722][  0]LogD3D11RHI:     DeviceId    : 134e
[2024.07.11-15.34.54:722][  0]LogD3D11RHI:     SubSysId    : 14be1043
[2024.07.11-15.34.54:722][  0]LogD3D11RHI:     Revision    : 00a2
[2024.07.11-15.34.54:722][  0]LogD3D11RHI:     DedicatedVideoMemory : 2098724864 bytes
[2024.07.11-15.34.54:722][  0]LogD3D11RHI:     DedicatedSystemMemory : 0 bytes
[2024.07.11-15.34.54:722][  0]LogD3D11RHI:     SharedSystemMemory : 6381004800 bytes
[2024.07.11-15.34.54:722][  0]LogD3D11RHI:     AdapterLuid : 0 72461
[2024.07.11-15.34.54:728][  0]LogD3D11RHI: Creating new Direct3DDevice
[2024.07.11-15.34.54:728][  0]LogD3D11RHI:     GPU DeviceId: 0x134e (for the marketing name, search the web for "GPU Device Id")
[2024.07.11-15.34.54:728][  0]LogWindows: EnumDisplayDevices:
[2024.07.11-15.34.54:728][  0]LogWindows:    0. 'Intel(R) UHD Graphics 620' (P:1 D:1)
[2024.07.11-15.34.54:729][  0]LogWindows:    1. 'Intel(R) UHD Graphics 620' (P:0 D:0)
[2024.07.11-15.34.54:729][  0]LogWindows:    2. 'Intel(R) UHD Graphics 620' (P:0 D:0)
[2024.07.11-15.34.54:729][  0]LogWindows: DebugString: PrimaryIsNotTheChoosenAdapter PrimaryIsNotTheChoosenAdapter PrimaryIsNotTheChoosenAdapter FoundDriverCount:0 
[2024.07.11-15.34.54:729][  0]LogD3D11RHI:     Adapter Name: NVIDIA GeForce 930MX
[2024.07.11-15.34.54:729][  0]LogD3D11RHI:   Driver Version: Unknown (internal:Unknown, unified:Unknown)
[2024.07.11-15.34.54:729][  0]LogD3D11RHI:      Driver Date: Unknown
[2024.07.11-15.34.54:729][  0]LogRHI: Texture pool is 1401 MB (70% of 2001 MB)
[2024.07.11-15.34.54:729][  0]LogD3D11RHI: Creating D3DDevice using adapter:
[2024.07.11-15.34.54:729][  0]LogD3D11RHI:     Description : NVIDIA GeForce 930MX
[2024.07.11-15.34.54:729][  0]LogD3D11RHI:     VendorId    : 10de
[2024.07.11-15.34.54:729][  0]LogD3D11RHI:     DeviceId    : 134e
[2024.07.11-15.34.54:729][  0]LogD3D11RHI:     SubSysId    : 14be1043
[2024.07.11-15.34.54:729][  0]LogD3D11RHI:     Revision    : 00a2
[2024.07.11-15.34.54:729][  0]LogD3D11RHI:     DedicatedVideoMemory : 2098724864 bytes
[2024.07.11-15.34.54:729][  0]LogD3D11RHI:     DedicatedSystemMemory : 0 bytes
[2024.07.11-15.34.54:729][  0]LogD3D11RHI:     SharedSystemMemory : 6381004800 bytes
[2024.07.11-15.34.54:729][  0]LogD3D11RHI:     AdapterLuid : 0 72461
[2024.07.11-15.34.54:796][  0]LogD3D11RHI: RHI has support for 64 bit atomics
[2024.07.11-15.34.54:796][  0]LogD3D11RHI: Async texture creation enabled
[2024.07.11-15.34.54:814][  0]LogD3D11RHI: GPU Timing Frequency: 1000.000000 (Debug: 2 1)
[2024.07.11-15.34.54:864][  0]LogRHI: GeForceNow SDK initialized: 1
[2024.07.11-15.34.55:225][  0]LogTargetPlatformManager: Display: Loaded TargetPlatform 'AllDesktop'
[2024.07.11-15.34.55:250][  0]LogTargetPlatformManager: Display: Loaded TargetPlatform 'Android'
[2024.07.11-15.34.55:250][  0]LogTargetPlatformManager: Display: Loaded TargetPlatform 'Android_ASTC'
[2024.07.11-15.34.55:250][  0]LogTargetPlatformManager: Display: Loaded TargetPlatform 'Android_DXT'
[2024.07.11-15.34.55:250][  0]LogTargetPlatformManager: Display: Loaded TargetPlatform 'Android_ETC2'
[2024.07.11-15.34.55:250][  0]LogTargetPlatformManager: Display: Loaded TargetPlatform 'AndroidClient'
[2024.07.11-15.34.55:250][  0]LogTargetPlatformManager: Display: Loaded TargetPlatform 'Android_ASTCClient'
[2024.07.11-15.34.55:250][  0]LogTargetPlatformManager: Display: Loaded TargetPlatform 'Android_DXTClient'
[2024.07.11-15.34.55:250][  0]LogTargetPlatformManager: Display: Loaded TargetPlatform 'Android_ETC2Client'
[2024.07.11-15.34.55:250][  0]LogTargetPlatformManager: Display: Loaded TargetPlatform 'Android_Multi'
[2024.07.11-15.34.55:250][  0]LogTargetPlatformManager: Display: Loaded TargetPlatform 'Android_MultiClient'
[2024.07.11-15.34.55:272][  0]LogTargetPlatformManager: Display: Loaded TargetPlatform 'IOSClient'
[2024.07.11-15.34.55:272][  0]LogTargetPlatformManager: Display: Loaded TargetPlatform 'IOS'
[2024.07.11-15.34.55:282][  0]LogTargetPlatformManager: Display: Loaded TargetPlatform 'Linux'
[2024.07.11-15.34.55:287][  0]LogTargetPlatformManager: Display: Loaded TargetPlatform 'LinuxNoEditor'
[2024.07.11-15.34.55:292][  0]LogTargetPlatformManager: Display: Loaded TargetPlatform 'LinuxClient'
[2024.07.11-15.34.55:298][  0]LogTargetPlatformManager: Display: Loaded TargetPlatform 'LinuxServer'
[2024.07.11-15.34.55:308][  0]LogTargetPlatformManager: Display: Loaded TargetPlatform 'LinuxAArch64NoEditor'
[2024.07.11-15.34.55:312][  0]LogTargetPlatformManager: Display: Loaded TargetPlatform 'LinuxAArch64Client'
[2024.07.11-15.34.55:319][  0]LogTargetPlatformManager: Display: Loaded TargetPlatform 'LinuxAArch64Server'
[2024.07.11-15.34.55:344][  0]LogTargetPlatformManager: Display: Loaded TargetPlatform 'Lumin'
[2024.07.11-15.34.55:344][  0]LogTargetPlatformManager: Display: Loaded TargetPlatform 'LuminClient'
[2024.07.11-15.34.55:352][  0]LogTargetPlatformManager: Display: Loaded TargetPlatform 'MacNoEditor'
[2024.07.11-15.34.55:357][  0]LogTargetPlatformManager: Display: Loaded TargetPlatform 'Mac'
[2024.07.11-15.34.55:365][  0]LogTargetPlatformManager: Display: Loaded TargetPlatform 'MacClient'
[2024.07.11-15.34.55:369][  0]LogTargetPlatformManager: Display: Loaded TargetPlatform 'MacServer'
[2024.07.11-15.34.55:383][  0]LogTargetPlatformManager: Display: Loaded TargetPlatform 'TVOSClient'
[2024.07.11-15.34.55:383][  0]LogTargetPlatformManager: Display: Loaded TargetPlatform 'TVOS'
[2024.07.11-15.34.55:393][  0]LogTargetPlatformManager: Display: Loaded TargetPlatform 'WindowsNoEditor'
[2024.07.11-15.34.55:398][  0]LogTargetPlatformManager: Display: Loaded TargetPlatform 'Windows'
[2024.07.11-15.34.55:402][  0]LogTargetPlatformManager: Display: Loaded TargetPlatform 'WindowsClient'
[2024.07.11-15.34.55:407][  0]LogTargetPlatformManager: Display: Loaded TargetPlatform 'WindowsServer'
[2024.07.11-15.34.55:408][  0]LogTargetPlatformManager: Display: Building Assets For Windows
[2024.07.11-15.34.55:417][  0]LogAudioDebug: Display: Lib vorbis DLL was dynamically loaded.
[2024.07.11-15.34.55:450][  0]LogTextureFormatOodle: Display: Oodle Texture 2.9.0 init RDO Off
[2024.07.11-15.34.55:489][  0]LogRendererCore: Ray tracing is disabled. Reason: r.RayTracing=0.
[2024.07.11-15.34.55:489][  0]LogShaderCompilers: Guid format shader working directory is -1 characters bigger than the processId version (../../../../../Unreal Projects/FirstBPProjectUE/Intermediate/Shaders/WorkingDirectory/3688/).
[2024.07.11-15.34.55:489][  0]LogShaderCompilers: Cleaned the shader compiler working directory 'C:/Users/nicol/AppData/Local/Temp/UnrealShaderWorkingDir/275001DB4AB8D37840B519BDA551E1A2/'.
[2024.07.11-15.34.55:490][  0]LogXGEController: Cannot use XGE Controller as Incredibuild is not installed on this machine.
[2024.07.11-15.34.55:490][  0]LogShaderCompilers: Cannot use XGE Shader Compiler as Incredibuild is not installed on this machine.
[2024.07.11-15.34.55:490][  0]LogShaderCompilers: Display: Using Local Shader Compiler.
[2024.07.11-15.34.56:372][  0]LogDerivedDataCache: Display: Max Cache Size: 512 MB
[2024.07.11-15.34.56:438][  0]LogDerivedDataCache: Loaded boot cache 0.07s 94MB C:/Users/nicol/AppData/Local/UnrealEngine/4.27/DerivedDataCache/Boot.ddc.
[2024.07.11-15.34.56:439][  0]LogDerivedDataCache: Display: Loaded Boot cache: C:/Users/nicol/AppData/Local/UnrealEngine/4.27/DerivedDataCache/Boot.ddc
[2024.07.11-15.34.56:439][  0]LogDerivedDataCache: FDerivedDataBackendGraph:  Pak pak cache file ../../../../../Unreal Projects/FirstBPProjectUE/DerivedDataCache/DDC.ddp not found, will not use a pak cache.
[2024.07.11-15.34.56:439][  0]LogDerivedDataCache: Unable to find inner node Pak for hierarchical cache Hierarchy.
[2024.07.11-15.34.56:439][  0]LogDerivedDataCache: FDerivedDataBackendGraph:  CompressedPak pak cache file ../../../../../Unreal Projects/FirstBPProjectUE/DerivedDataCache/Compressed.ddp not found, will not use a pak cache.
[2024.07.11-15.34.56:439][  0]LogDerivedDataCache: Unable to find inner node CompressedPak for hierarchical cache Hierarchy.
[2024.07.11-15.34.56:457][  0]LogDerivedDataCache: Display: Pak cache opened for reading ../../../Engine/DerivedDataCache/Compressed.ddp.
[2024.07.11-15.34.56:457][  0]LogDerivedDataCache: FDerivedDataBackendGraph:  EnterprisePak pak cache file ../../../Enterprise/DerivedDataCache/Compressed.ddp not found, will not use a pak cache.
[2024.07.11-15.34.56:457][  0]LogDerivedDataCache: Unable to find inner node EnterprisePak for hierarchical cache Hierarchy.
[2024.07.11-15.34.56:509][  0]LogDerivedDataCache: Speed tests for C:/Users/nicol/AppData/Local/UnrealEngine/Common/DerivedDataCache took 0.05 seconds
[2024.07.11-15.34.56:510][  0]LogDerivedDataCache: Display: Performance to C:/Users/nicol/AppData/Local/UnrealEngine/Common/DerivedDataCache: Latency=0.02ms. RandomReadSpeed=1218.78MBs, RandomWriteSpeed=18.08MBs. Assigned SpeedClass 'Local'
[2024.07.11-15.34.56:510][  0]LogDerivedDataCache: Using Local data cache path C:/Users/nicol/AppData/Local/UnrealEngine/Common/DerivedDataCache: Writable
[2024.07.11-15.34.56:510][  0]LogDerivedDataCache: Shared data cache path not found in *engine.ini, will not use an Shared cache.
[2024.07.11-15.34.56:510][  0]LogDerivedDataCache: Unable to find inner node Shared for hierarchical cache Hierarchy.
[2024.07.11-15.34.56:597][  0]LogSlate: Using FreeType 2.10.0
[2024.07.11-15.34.56:598][  0]LogSlate: SlateFontServices - WITH_FREETYPE: 1, WITH_HARFBUZZ: 1
[2024.07.11-15.34.56:632][  0]LogAssetRegistry: FAssetRegistry took 0.0033 seconds to start up
[2024.07.11-15.35.00:424][  0]LogInit: Selected Device Profile: [Windows]
[2024.07.11-15.35.00:424][  0]LogInit: Active device profile: [00000212A7955400][00000212A896C800 49] Windows
[2024.07.11-15.35.00:424][  0]LogInit: Profiles: [00000212A7955400][00000212A896C800 49] Windows, [00000212A7900100][00000212A855C940 49] WindowsNoEditor, [00000212A78EC200][00000212A8968A80 49] WindowsServer, [00000212A7902500][00000212A83E4BC0 49] WindowsClient, [00000212A78EDA00][00000212A45B4D40 49] IOS, [00000212A7902000][00000212A45B8EC0 49] iPadAir, [00000212A78EE100][00000212A45BD040 49] iPadAir2, [00000212A78B0400][00000212A6FE3300 49] IPadPro, [00000212A78B0500][00000212A45C1340 49] iPadAir3, [00000212A78EF900][00000212A6FE74C0 49] iPadAir4, [00000212A78B3D00][00000212A6FEB640 49] iPadMini2, [00000212A78EC800][00000212A6FEF7C0 49] iPadMini3, [00000212A78B1300][00000212A6FF3940 49] iPadMini4, [00000212A78EF100][00000212A6FF7AC0 49] iPadMini5, [00000212A789FC00][00000212A6FFE200 49] iPhone6, [00000212A789FD00][00000212A6FFA240 49] iPodTouch6, [00000212A78B3400][00000212A8284500 49] iPhone7, [00000212A78B3300][00000212A8280540 49] iPodTouch7, [00000212A789C700][00000212A82886C0 49] iPhone5S, [00000212A78B3700][00000212A828C840 49] iPhone6Plus, [00000212A789F000][00000212A83E8980 49] iPhone6S, [00000212A78B3C00][00000212A8290AC0 49] iPhone6SPlus, [00000212A789D100][00000212A8294C00 49] iPhone7Plus, [00000212A78B3200][00000212A8298D40 49] iPhoneSE, [00000212A789E700][00000212A82A0EC0 49] iPhone8, [00000212A78B1A00][00000212A82A5040 49] iPhone8Plus, [00000212A789F400][00000212A82A91C0 49] iPhoneX, [00000212A78B0A00][00000212A82AD340 49] iPhoneXS, [00000212A789CD00][00000212A473B4C0 49] iPhoneXSMax, [00000212A78B1900][00000212A473F640 49] iPhoneXR, [00000212A789FF00][00000212A47437C0 49] iPhone11, [00000212A78B0F00][00000212A4747940 49] iPhone11Pro, [00000212A789C200][00000212A474BAC0 49] iPhone11ProMax, [00000212A78B1D00][00000212A474E0C0 49] iPhoneSE2, [00000212A789CE00][00000212A4752240 49] iPhone12Mini, [00000212A78B0D00][00000212A47563C0 49] iPhone12, [00000212A789EF00][00000212A475A540 49] iPhone12Pro, [00000212A78B3600][00000212A475E6C0 49] iPhone12ProMax, [00000212A789CC00][00000212A4762840 49] iPadPro105, [00000212A78B2E00][00000212A47669C0 49] iPadPro129, [00000212A789EE00][00000212A476AB40 49] iPadPro97, [00000212A78B0C00][00000212A829CC80 49] iPadPro2_129, [00000212A789E800][00000212A83F6DC0 49] iPad5, [00000212A78B0800][00000212A83FAF00 49] iPad6, [00000212A789C500][00000212A8403080 49] iPad7, [00000212A78B2400][00000212A8407200 49] iPad8, [00000212A789DB00][00000212A840B380 49] iPadPro11, [00000212A78B1200][00000212A840F500 49] iPadPro2_11, [00000212A789DC00][00000212A8413680 49] iPadPro3_129, [00000212A78B3A00][00000212A8417800 49] iPadPro4_129, [00000212A789CA00][00000212A841B980 49] AppleTV, [00000212A78B0900][00000212A841FB00 49] AppleTV4K, [00000212A789C400][00000212A8422100 49] TVOS, [00000212A78B2D00][00000212A8426280 49] Mac, [00000212A789FE00][00000212A842A400 49] MacClient, [00000212A78B2700][00000212A842E580 49] MacNoEditor, [00000212A789E300][00000212A8432700 49] MacServer, [00000212A78B2900][00000212A8436880 49] Linux, [00000212A789E500][00000212A843AA00 49] LinuxAArch64, [00000212A78B0600][00000212A843EB80 49] LinuxNoEditor, [00000212A789E000][00000212A8442D00 49] LinuxAArch64NoEditor, [00000212A78B3900][00000212A83FEE40 49] LinuxClient, [00000212A789F700][00000212A8446F80 49] LinuxAArch64Client, [00000212A78B2B00][00000212A844B0C0 49] LinuxServer, [00000212A789FA00][00000212A8453240 49] LinuxAArch64Server, [00000212A78B1E00][00000212A84573C0 49] Android, [00000212A7903900][00000212A845B540 49] Android_Low, [00000212A7955C00][00000212A845F6C0 49] Android_Mid, [00000212A7903F00][00000212A8463840 49] Android_High, [00000212A7954700][00000212A84679C0 49] Android_Default, [00000212A7900900][00000212A846BB40 49] Android_Adreno4xx, [00000212A7954200][00000212A846E140 49] Android_Adreno5xx_Low, [00000212A7900800][00000212A84722C0 49] Android_Adreno5xx, [00000212A7956700][00000212A8476440 49] Android_Adreno6xx, [00000212A7901000][00000212A847A5C0 49] Android_Adreno6xx_Vulkan, [00000212A7955100][00000212A847E740 49] Android_Mali_T6xx, [00000212A7900700][00000212A84828C0 49] Android_Mali_T7xx, [00000212A7954F00][00000212A8486A40 49] Android_Mali_T8xx, [00000212A7903200][00000212A848ABC0 49] Android_Mali_G71, [00000212A7956800][00000212A848ED40 49] Android_Mali_G72, [00000212A7901C00][00000212A8570EC0 49] Android_Mali_G72_Vulkan, [00000212A7956C00][00000212A844F000 49] Android_Mali_G76, [00000212A7902A00][00000212A8575140 49] Android_Mali_G76_Vulkan, [00000212A7956A00][00000212A8579280 49] Android_Mali_G77, [00000212A7902100][00000212A857D3C0 49] Android_Mali_G77_Vulkan, [00000212A7954C00][00000212A8585540 49] Android_Mali_G78, [00000212A7903600][00000212A85896C0 49] Android_Mali_G78_Vulkan, [00000212A7957700][00000212A858D840 49] Android_Mali_G710, [00000212A7900A00][00000212A85919C0 49] Android_Mali_G710_Vulkan, [00000212A7956400][00000212A8595B40 49] Android_Vulkan_SM5, [00000212A7901700][00000212A8598140 49] Android_PowerVR_G6xxx, [00000212A7957100][00000212A859C2C0 49] Android_PowerVR_GT7xxx, [00000212A7902B00][00000212A85A0440 49] Android_PowerVR_GE8xxx, [00000212A7955300][00000212A85A45C0 49] Android_PowerVR_GM9xxx, [00000212A78B2100][00000212A85A8740 49] Android_PowerVR_GM9xxx_Vulkan, [00000212A7957400][00000212A85AC8C0 49] Android_TegraK1, [00000212A78B3800][00000212A85B0A40 49] Android_Unknown_Vulkan, [00000212A7955200][00000212A85B4BC0 49] Lumin, [00000212A78B3500][00000212A85B8D40 49] Lumin_Desktop, [00000212A7956F00][00000212A85BCEC0 49] HoloLens, 
[2024.07.11-15.35.03:198][  0]LogMeshReduction: Using QuadricMeshReduction for automatic static mesh reduction
[2024.07.11-15.35.03:198][  0]LogMeshReduction: Using SimplygonMeshReduction for automatic skeletal mesh reduction
[2024.07.11-15.35.03:198][  0]LogMeshReduction: Using ProxyLODMeshReduction for automatic mesh merging
[2024.07.11-15.35.03:198][  0]LogMeshReduction: No distributed automatic mesh merging module available
[2024.07.11-15.35.03:204][  0]LogMeshMerging: No distributed automatic mesh merging module available
[2024.07.11-15.35.04:002][  0]LogNetVersion: FirstBPProjectUE 1.0.0, NetCL: 17155196, EngineNetVer: 17, GameNetVer: 0 (Checksum: 2757859790)
[2024.07.11-15.35.26:792][  0]LogTexture: Default maximum texture size for cubemaps generated from long-lat sources has been changed from 512 to unlimited. In order to preserve old behaiour for '/Engine/MapTemplates/Sky/DaylightAmbientCubemap.DaylightAmbientCubemap', its maximum texture size has been explicitly set to 512.
[2024.07.11-15.35.28:212][  0]LogHMD: PokeAHoleMaterial loaded successfully
[2024.07.11-15.35.28:523][  0]LogUObjectArray: 17178 objects as part of root set at end of initial load.
[2024.07.11-15.35.28:523][  0]LogUObjectAllocator: 4302048 out of 0 bytes used by permanent object pool.
[2024.07.11-15.35.28:538][  0]LogUObjectArray: CloseDisregardForGC: 0/0 objects in disregard for GC pool
[2024.07.11-15.35.38:212][  0]LogPython: Using Python 3.7.7
[2024.07.11-15.35.41:852][  0]LogNiagaraDebuggerClient: Niagara Debugger Client Initialized | Session: 05D7646049CF71B4D4B03EBA8F369F78 | Instance: 98DDC54943AE00EADCA8AB88291734EF (NICO-3688).
[2024.07.11-15.35.42:392][  0]LogTcpMessaging: Initializing TcpMessaging bridge
[2024.07.11-15.35.42:392][  0]LogUdpMessaging: Initializing bridge on interface 0.0.0.0:0 to multicast group 230.0.0.1:6666.
[2024.07.11-15.35.46:829][  0]SourceControl: Source control is disabled
[2024.07.11-15.35.46:829][  0]SourceControl: Source control is disabled
[2024.07.11-15.35.46:830][  0]SourceControl: Source control is disabled
[2024.07.11-15.35.46:832][  0]SourceControl: Source control is disabled
[2024.07.11-15.35.46:834][  0]SourceControl: Source control is disabled
[2024.07.11-15.35.46:834][  0]LogUProjectInfo: Found projects:
[2024.07.11-15.35.50:452][  0]LogOpenImageDenoise: OIDN starting up
[2024.07.11-15.35.50:482][  0]LogAndroidPermission: UAndroidPermissionCallbackProxy::GetInstance
[2024.07.11-15.35.50:502][  0]LogAudioCaptureCore: Display: No Audio Capture implementations found. Audio input will be silent.
[2024.07.11-15.35.50:502][  0]LogAudioCaptureCore: Display: No Audio Capture implementations found. Audio input will be silent.
[2024.07.11-15.35.51:617][  0]LogCollectionManager: Loaded 0 collections in 0.001841 seconds
[2024.07.11-15.35.52:088][  0]LogFileCache: Scanning file cache for directory 'D:/Develop/Unreal Projects/FirstBPProjectUE/Saved/Collections/' took 0.01s
[2024.07.11-15.35.52:088][  0]LogFileCache: Scanning file cache for directory 'D:/Develop/Unreal Projects/FirstBPProjectUE/Content/Developers/nicol/Collections/' took 0.00s
[2024.07.11-15.35.52:088][  0]LogFileCache: Scanning file cache for directory 'D:/Develop/Unreal Projects/FirstBPProjectUE/Content/Collections/' took 0.00s
[2024.07.11-15.35.52:088][  0]LogOcInput: OculusInput pre-init called
[2024.07.11-15.35.56:790][  0]LogAutomationTest: Warning: Smoke tests took >2s to run (2.40s). 'FAutomationTestAttemptToFindUninitializedScriptStructMembers' took 1944ms. SmokeFilter tier tests should take less than 1ms. Please optimize or move 'FAutomationTestAttemptToFindUninitializedScriptStructMembers' to a slower tier than SmokeFilter.
[2024.07.11-15.35.57:053][  0]LogEngine: Initializing Engine...
[2024.07.11-15.35.57:366][  0]LogHMD: Failed to enumerate extensions. Please check that you have a valid OpenXR runtime installed.
[2024.07.11-15.35.57:379][  0]LogHMD: Failed to initialize OpenVR with code 110
[2024.07.11-15.35.57:402][  0]LogMagicLeap: Warning: VR disabled because ZI is not enabled.  To enable, in the editor, Edit -> Project Settings -> Plugins -> Magic Leap Plugin -> Enable Zero Iteration
[2024.07.11-15.35.57:412][  0]LogStats: UGameplayTagsManager::InitializeManager -  0.000 s
[2024.07.11-15.35.58:702][  0]LogInit: Initializing FReadOnlyCVARCache
[2024.07.11-15.35.59:761][  0]LogAIModule: Creating AISystem for world Untitled
[2024.07.11-15.36.00:193][  0]LogAudio: Display: Initializing Audio Device Manager...
[2024.07.11-15.36.00:264][  0]LogAudio: Display: Loading Default Audio Settings Objects...
[2024.07.11-15.36.00:344][  0]LogAudio: Display: No default SoundConcurrencyObject specified (or failed to load).
[2024.07.11-15.36.00:392][  0]LogAudio: Display: Audio Device Manager Initialized
[2024.07.11-15.36.00:392][  0]LogAudio: Display: Creating Audio Device:                 Id: 1, Scope: Shared, Realtime: True
[2024.07.11-15.36.00:432][  0]LogAudioMixer: Display: Audio Mixer Platform Settings:
[2024.07.11-15.36.00:432][  0]LogAudioMixer: Display: 	Sample Rate:						  48000
[2024.07.11-15.36.00:432][  0]LogAudioMixer: Display: 	Callback Buffer Frame Size Requested: 1024
[2024.07.11-15.36.00:432][  0]LogAudioMixer: Display: 	Callback Buffer Frame Size To Use:	  1024
[2024.07.11-15.36.00:432][  0]LogAudioMixer: Display: 	Number of buffers to queue:			  2
[2024.07.11-15.36.00:432][  0]LogAudioMixer: Display: 	Max Channels (voices):				  32
[2024.07.11-15.36.00:432][  0]LogAudioMixer: Display: 	Number of Async Source Workers:		  0
[2024.07.11-15.36.00:434][  0]LogAudio: Display: AudioDevice MaxSources: 32
[2024.07.11-15.36.00:464][  0]LogAudio: Display: Audio Spatialization Plugin: None (built-in).
[2024.07.11-15.36.00:464][  0]LogAudio: Display: Audio Reverb Plugin: None (built-in).
[2024.07.11-15.36.00:464][  0]LogAudio: Display: Audio Occlusion Plugin: None (built-in).
[2024.07.11-15.36.00:464][  0]LogAudioMixer: Display: Initializing audio mixer.
[2024.07.11-15.36.00:840][  0]LogAudioMixer: Display: 0: FrontLeft
[2024.07.11-15.36.00:840][  0]LogAudioMixer: Display: 1: FrontRight
[2024.07.11-15.36.00:963][  0]LogAudioMixer: Display: Using Audio Device Altavoces (Realtek High Definition Audio)
[2024.07.11-15.36.01:058][  0]LogAudioMixer: Display: Initializing Sound Submixes...
[2024.07.11-15.36.01:137][  0]LogAudioMixer: Display: Creating Master Submix 'MasterSubmixDefault'
[2024.07.11-15.36.01:145][  0]LogAudioMixer: Display: Creating Master Submix 'MasterReverbSubmixDefault'
[2024.07.11-15.36.01:159][  0]LogAudioMixer: Display: Creating Master Submix 'MasterEQSubmixDefault'
[2024.07.11-15.36.01:160][  0]LogAudioMixer: FMixerPlatformXAudio2::StartAudioStream() called
[2024.07.11-15.36.01:160][  0]LogAudioMixer: Display: Output buffers initialized: Frames=1024, Channels=2, Samples=2048
[2024.07.11-15.36.01:161][  0]LogAudioMixer: Display: Starting AudioMixerPlatformInterface::RunInternal()
[2024.07.11-15.36.01:161][  0]LogAudioMixer: Display: FMixerPlatformXAudio2::SubmitBuffer() called for the first time
[2024.07.11-15.36.01:161][  0]LogInit: FAudioDevice initialized.
[2024.07.11-15.36.01:224][  0]LogAudioMixer: Display: Audio Buffer Underrun (starvation) detected.
[2024.07.11-15.36.01:224][  0]LogAudio: Display: Audio Device (ID: 1) registered with world 'Untitled'.
[2024.07.11-15.36.01:316][  0]LogNetVersion: Set ProjectVersion to 1.0.0.0. Version Checksum will be recalculated on next use.
[2024.07.11-15.36.01:336][  0]LogDerivedDataCache: Error: Could not save memory cache C:/Users/nicol/AppData/Local/UnrealEngine/4.27/DerivedDataCache/Boot.ddc.
[2024.07.11-15.36.01:336][  0]LogInit: Texture streaming: Enabled
[2024.07.11-15.36.01:654][  0]LogAnalytics: Display: [UEEditor.Rocket.Release] APIServer = https://datarouter.ol.epicgames.com/. AppVersion = 4.27.2-18319896+++UE4+Release-4.27
[2024.07.11-15.36.01:737][  0]LogEngineSessionManager: EngineSessionManager initialized
[2024.07.11-15.36.01:754][  0]LogEditorSessionSummary: Verbose: Initializing EditorSessionSummaryWriter for editor session tracking
[2024.07.11-15.36.01:847][  0]LogEditorSessionSummary: EditorSessionSummaryWriter initialized
[2024.07.11-15.36.02:333][  0]LogInit: Transaction tracking system initialized
[2024.07.11-15.36.02:995][  0]BlueprintLog: New page: Editor Load
[2024.07.11-15.36.05:172][  0]LocalizationService: Localization service is disabled
[2024.07.11-15.36.05:994][  0]TimingProfiler: Initialize
[2024.07.11-15.36.06:006][  0]TimingProfiler: OnSessionChanged
[2024.07.11-15.36.06:006][  0]LoadingProfiler: Initialize
[2024.07.11-15.36.06:007][  0]LoadingProfiler: OnSessionChanged
[2024.07.11-15.36.06:007][  0]NetworkingProfiler: Initialize
[2024.07.11-15.36.06:019][  0]NetworkingProfiler: OnSessionChanged
[2024.07.11-15.36.06:019][  0]MemoryProfiler: Initialize
[2024.07.11-15.36.06:019][  0]MemoryProfiler: OnSessionChanged
[2024.07.11-15.36.13:572][  0]LogFileCache: Scanning file cache for directory 'D:/Develop/Unreal Projects/FirstBPProjectUE/Content/' took 0.06s
[2024.07.11-15.36.13:572][  0]LogCook: Display: CookSettings for Memory: MemoryMaxUsedVirtual 0MiB, MemoryMaxUsedPhysical 16384MiB, MemoryMinFreeVirtual 0MiB, MemoryMinFreePhysical 1024MiB
[2024.07.11-15.36.13:572][  0]LogCook: Display: Mobile HDR setting 1
[2024.07.11-15.36.19:770][  0]LogInit: Display: Engine is initialized. Leaving FEngineLoop::Init()
[2024.07.11-15.36.19:995][  0]SourceControl: Source control is disabled
[2024.07.11-15.36.20:000][  0]LogUnrealEdMisc: Loading editor; pre map load, took 89.401
[2024.07.11-15.36.20:106][  0]Cmd: MAP LOAD FILE="../../../Engine/Content/Maps/Templates/Template_Default.umap" TEMPLATE=1 SHOWPROGRESS=1 FEATURELEVEL=3
[2024.07.11-15.36.20:172][  0]LightingResults: New page: Lighting Build
[2024.07.11-15.36.20:632][  0]LogWorld: UWorld::CleanupWorld for Untitled, bSessionEnded=true, bCleanupResources=true
[2024.07.11-15.36.21:082][  0]LogSlate: InvalidateAllWidgets triggered.  All widgets were invalidated
[2024.07.11-15.36.21:362][  0]MapCheck: New page: Map Check
[2024.07.11-15.36.21:362][  0]LightingResults: New page: Lighting Build
[2024.07.11-15.36.22:126][  0]LogAudio: Display: Audio Device unregistered from world 'None'.
[2024.07.11-15.36.23:001][  0]LogUObjectHash: Compacting FUObjectHashTables data took   2.50ms
[2024.07.11-15.36.24:335][  0]LogTexture: Display: Building textures: DeprecatedTextureEB9CBE3C423008B5E8E130901E171C89 (BGRA8, 128X128)
[2024.07.11-15.36.24:552][  0]LogAudio: Display: Audio Device (ID: 1) registered with world 'Untitled_1'.
[2024.07.11-15.36.24:567][  0]LogAIModule: Creating AISystem for world Untitled_1
[2024.07.11-15.36.25:734][  0]LogEditorServer: Finished looking for orphan Actors (0.000 secs)
[2024.07.11-15.36.26:060][  0]LogUObjectHash: Compacting FUObjectHashTables data took   1.37ms
[2024.07.11-15.36.26:093][  0]Cmd: MAP CHECKDEP NOCLEARLOG
[2024.07.11-15.36.26:103][  0]MapCheck: Map check complete: 0 Error(s), 0 Warning(s), took 10,063ms to complete.
[2024.07.11-15.36.26:104][  0]LogFileHelpers: Loading map 'Template_Default' took 6.079
[2024.07.11-15.36.28:000][  0]LogUnrealEdMisc: Total Editor Startup Time, took 97.405
[2024.07.11-15.36.31:057][  0]LogSlate: Updating window title bar state: overlay mode, drag disabled, window buttons hidden, title bar hidden
[2024.07.11-15.36.31:183][  0]LogSlate: Updating window title bar state: overlay mode, drag disabled, window buttons hidden, title bar hidden
[2024.07.11-15.36.31:190][  0]LogSlate: Updating window title bar state: overlay mode, drag disabled, window buttons hidden, title bar hidden
[2024.07.11-15.36.31:198][  0]LogSlate: Updating window title bar state: overlay mode, drag disabled, window buttons hidden, title bar hidden
[2024.07.11-15.36.32:079][  0]LogNativeClassHierarchy: Verbose: Native class hierarchy populated in 0.0108 seconds. Added 3822 classes and 928 folders.
[2024.07.11-15.36.32:453][  0]LogNativeClassHierarchy: Verbose: Native class hierarchy updated for 'WidgetCarousel' in 0.0004 seconds. Added 0 classes and 0 folders.
[2024.07.11-15.36.32:768][  0]LogPakFile: PakFile PrimaryIndexSize=187
[2024.07.11-15.36.32:768][  0]LogPakFile: PakFile PathHashIndexSize=101
[2024.07.11-15.36.32:768][  0]LogPakFile: PakFile FullDirectoryIndexSize=148
[2024.07.11-15.36.32:960][  0]LogShaderLibrary: Display: ShaderCodeLibraryPakFileMountedCallback: PakFile 'D:/Develop/Unreal Engine/UE_4.27/FeaturePacks/FP_FirstPerson.upack' (chunk index -1, root 'root:/') mounted
[2024.07.11-15.36.32:960][  0]LogShaderLibrary: Display: ShaderCodeLibraryPakFileMountedCallback: pending pak file info (ChunkID:-1 Root:root:/ File:D:/Develop/Unreal Engine/UE_4.27/FeaturePacks/FP_FirstPerson.upack)
[2024.07.11-15.36.32:971][  0]LogPakFile: OnPakFileMounted2Time == 0.203160
[2024.07.11-15.36.33:220][  0]LogPakFile: PakFile PrimaryIndexSize=189
[2024.07.11-15.36.33:220][  0]LogPakFile: PakFile PathHashIndexSize=101
[2024.07.11-15.36.33:220][  0]LogPakFile: PakFile FullDirectoryIndexSize=152
[2024.07.11-15.36.33:220][  0]LogShaderLibrary: Display: ShaderCodeLibraryPakFileMountedCallback: PakFile 'D:/Develop/Unreal Engine/UE_4.27/FeaturePacks/FP_FirstPersonBP.upack' (chunk index -1, root 'root:/') mounted
[2024.07.11-15.36.33:220][  0]LogShaderLibrary: Display: ShaderCodeLibraryPakFileMountedCallback: pending pak file info (ChunkID:-1 Root:root:/ File:D:/Develop/Unreal Engine/UE_4.27/FeaturePacks/FP_FirstPersonBP.upack)
[2024.07.11-15.36.33:220][  0]LogPakFile: OnPakFileMounted2Time == 0.000058
[2024.07.11-15.36.33:306][  0]LogPakFile: PakFile PrimaryIndexSize=191
[2024.07.11-15.36.33:306][  0]LogPakFile: PakFile PathHashIndexSize=101
[2024.07.11-15.36.33:306][  0]LogPakFile: PakFile FullDirectoryIndexSize=160
[2024.07.11-15.36.33:306][  0]LogShaderLibrary: Display: ShaderCodeLibraryPakFileMountedCallback: PakFile 'D:/Develop/Unreal Engine/UE_4.27/FeaturePacks/MobileStarterContent.upack' (chunk index -1, root 'root:/') mounted
[2024.07.11-15.36.33:306][  0]LogShaderLibrary: Display: ShaderCodeLibraryPakFileMountedCallback: pending pak file info (ChunkID:-1 Root:root:/ File:D:/Develop/Unreal Engine/UE_4.27/FeaturePacks/MobileStarterContent.upack)
[2024.07.11-15.36.33:306][  0]LogPakFile: OnPakFileMounted2Time == 0.000050
[2024.07.11-15.36.33:344][  0]LogPakFile: PakFile PrimaryIndexSize=185
[2024.07.11-15.36.33:344][  0]LogPakFile: PakFile PathHashIndexSize=101
[2024.07.11-15.36.33:344][  0]LogPakFile: PakFile FullDirectoryIndexSize=148
[2024.07.11-15.36.33:344][  0]LogShaderLibrary: Display: ShaderCodeLibraryPakFileMountedCallback: PakFile 'D:/Develop/Unreal Engine/UE_4.27/FeaturePacks/StarterContent.upack' (chunk index -1, root 'root:/') mounted
[2024.07.11-15.36.33:344][  0]LogShaderLibrary: Display: ShaderCodeLibraryPakFileMountedCallback: pending pak file info (ChunkID:-1 Root:root:/ File:D:/Develop/Unreal Engine/UE_4.27/FeaturePacks/StarterContent.upack)
[2024.07.11-15.36.33:344][  0]LogPakFile: OnPakFileMounted2Time == 0.000057
[2024.07.11-15.36.33:399][  0]LogPakFile: PakFile PrimaryIndexSize=190
[2024.07.11-15.36.33:399][  0]LogPakFile: PakFile PathHashIndexSize=101
[2024.07.11-15.36.33:399][  0]LogPakFile: PakFile FullDirectoryIndexSize=154
[2024.07.11-15.36.33:399][  0]LogShaderLibrary: Display: ShaderCodeLibraryPakFileMountedCallback: PakFile 'D:/Develop/Unreal Engine/UE_4.27/FeaturePacks/TP_2DSideScroller.upack' (chunk index -1, root 'root:/') mounted
[2024.07.11-15.36.33:399][  0]LogShaderLibrary: Display: ShaderCodeLibraryPakFileMountedCallback: pending pak file info (ChunkID:-1 Root:root:/ File:D:/Develop/Unreal Engine/UE_4.27/FeaturePacks/TP_2DSideScroller.upack)
[2024.07.11-15.36.33:399][  0]LogPakFile: OnPakFileMounted2Time == 0.000057
[2024.07.11-15.36.33:475][  0]LogPakFile: PakFile PrimaryIndexSize=192
[2024.07.11-15.36.33:475][  0]LogPakFile: PakFile PathHashIndexSize=101
[2024.07.11-15.36.33:475][  0]LogPakFile: PakFile FullDirectoryIndexSize=158
[2024.07.11-15.36.33:475][  0]LogShaderLibrary: Display: ShaderCodeLibraryPakFileMountedCallback: PakFile 'D:/Develop/Unreal Engine/UE_4.27/FeaturePacks/TP_2DSideScrollerBP.upack' (chunk index -1, root 'root:/') mounted
[2024.07.11-15.36.33:475][  0]LogShaderLibrary: Display: ShaderCodeLibraryPakFileMountedCallback: pending pak file info (ChunkID:-1 Root:root:/ File:D:/Develop/Unreal Engine/UE_4.27/FeaturePacks/TP_2DSideScrollerBP.upack)
[2024.07.11-15.36.33:475][  0]LogPakFile: OnPakFileMounted2Time == 0.000057
[2024.07.11-15.36.33:537][  0]LogPakFile: PakFile PrimaryIndexSize=182
[2024.07.11-15.36.33:537][  0]LogPakFile: PakFile PathHashIndexSize=101
[2024.07.11-15.36.33:537][  0]LogPakFile: PakFile FullDirectoryIndexSize=138
[2024.07.11-15.36.33:537][  0]LogShaderLibrary: Display: ShaderCodeLibraryPakFileMountedCallback: PakFile 'D:/Develop/Unreal Engine/UE_4.27/FeaturePacks/TP_Flying.upack' (chunk index -1, root 'root:/') mounted
[2024.07.11-15.36.33:537][  0]LogShaderLibrary: Display: ShaderCodeLibraryPakFileMountedCallback: pending pak file info (ChunkID:-1 Root:root:/ File:D:/Develop/Unreal Engine/UE_4.27/FeaturePacks/TP_Flying.upack)
[2024.07.11-15.36.33:537][  0]LogPakFile: OnPakFileMounted2Time == 0.000049
[2024.07.11-15.36.33:568][  0]LogPakFile: PakFile PrimaryIndexSize=184
[2024.07.11-15.36.33:568][  0]LogPakFile: PakFile PathHashIndexSize=101
[2024.07.11-15.36.33:568][  0]LogPakFile: PakFile FullDirectoryIndexSize=142
[2024.07.11-15.36.33:568][  0]LogShaderLibrary: Display: ShaderCodeLibraryPakFileMountedCallback: PakFile 'D:/Develop/Unreal Engine/UE_4.27/FeaturePacks/TP_FlyingBP.upack' (chunk index -1, root 'root:/') mounted
[2024.07.11-15.36.33:568][  0]LogShaderLibrary: Display: ShaderCodeLibraryPakFileMountedCallback: pending pak file info (ChunkID:-1 Root:root:/ File:D:/Develop/Unreal Engine/UE_4.27/FeaturePacks/TP_FlyingBP.upack)
[2024.07.11-15.36.33:568][  0]LogPakFile: OnPakFileMounted2Time == 0.000050
[2024.07.11-15.36.33:641][  0]LogPakFile: PakFile PrimaryIndexSize=188
[2024.07.11-15.36.33:641][  0]LogPakFile: PakFile PathHashIndexSize=101
[2024.07.11-15.36.33:641][  0]LogPakFile: PakFile FullDirectoryIndexSize=150
[2024.07.11-15.36.33:641][  0]LogShaderLibrary: Display: ShaderCodeLibraryPakFileMountedCallback: PakFile 'D:/Develop/Unreal Engine/UE_4.27/FeaturePacks/TP_HandheldARBP.upack' (chunk index -1, root 'root:/') mounted
[2024.07.11-15.36.33:641][  0]LogShaderLibrary: Display: ShaderCodeLibraryPakFileMountedCallback: pending pak file info (ChunkID:-1 Root:root:/ File:D:/Develop/Unreal Engine/UE_4.27/FeaturePacks/TP_HandheldARBP.upack)
[2024.07.11-15.36.33:641][  0]LogPakFile: OnPakFileMounted2Time == 0.000053
[2024.07.11-15.36.33:669][  0]LogPakFile: PakFile PrimaryIndexSize=182
[2024.07.11-15.36.33:669][  0]LogPakFile: PakFile PathHashIndexSize=101
[2024.07.11-15.36.33:669][  0]LogPakFile: PakFile FullDirectoryIndexSize=138
[2024.07.11-15.36.33:669][  0]LogShaderLibrary: Display: ShaderCodeLibraryPakFileMountedCallback: PakFile 'D:/Develop/Unreal Engine/UE_4.27/FeaturePacks/TP_Puzzle.upack' (chunk index -1, root 'root:/') mounted
[2024.07.11-15.36.33:669][  0]LogShaderLibrary: Display: ShaderCodeLibraryPakFileMountedCallback: pending pak file info (ChunkID:-1 Root:root:/ File:D:/Develop/Unreal Engine/UE_4.27/FeaturePacks/TP_Puzzle.upack)
[2024.07.11-15.36.33:669][  0]LogPakFile: OnPakFileMounted2Time == 0.000046
[2024.07.11-15.36.33:743][  0]LogPakFile: PakFile PrimaryIndexSize=184
[2024.07.11-15.36.33:743][  0]LogPakFile: PakFile PathHashIndexSize=101
[2024.07.11-15.36.33:743][  0]LogPakFile: PakFile FullDirectoryIndexSize=142
[2024.07.11-15.36.33:743][  0]LogShaderLibrary: Display: ShaderCodeLibraryPakFileMountedCallback: PakFile 'D:/Develop/Unreal Engine/UE_4.27/FeaturePacks/TP_PuzzleBP.upack' (chunk index -1, root 'root:/') mounted
[2024.07.11-15.36.33:743][  0]LogShaderLibrary: Display: ShaderCodeLibraryPakFileMountedCallback: pending pak file info (ChunkID:-1 Root:root:/ File:D:/Develop/Unreal Engine/UE_4.27/FeaturePacks/TP_PuzzleBP.upack)
[2024.07.11-15.36.33:743][  0]LogPakFile: OnPakFileMounted2Time == 0.000065
[2024.07.11-15.36.33:789][  0]LogPakFile: PakFile PrimaryIndexSize=183
[2024.07.11-15.36.33:789][  0]LogPakFile: PakFile PathHashIndexSize=101
[2024.07.11-15.36.33:789][  0]LogPakFile: PakFile FullDirectoryIndexSize=140
[2024.07.11-15.36.33:789][  0]LogShaderLibrary: Display: ShaderCodeLibraryPakFileMountedCallback: PakFile 'D:/Develop/Unreal Engine/UE_4.27/FeaturePacks/TP_Rolling.upack' (chunk index -1, root 'root:/') mounted
[2024.07.11-15.36.33:789][  0]LogShaderLibrary: Display: ShaderCodeLibraryPakFileMountedCallback: pending pak file info (ChunkID:-1 Root:root:/ File:D:/Develop/Unreal Engine/UE_4.27/FeaturePacks/TP_Rolling.upack)
[2024.07.11-15.36.33:789][  0]LogPakFile: OnPakFileMounted2Time == 0.000061
[2024.07.11-15.36.33:833][  0]LogPakFile: PakFile PrimaryIndexSize=185
[2024.07.11-15.36.33:833][  0]LogPakFile: PakFile PathHashIndexSize=101
[2024.07.11-15.36.33:833][  0]LogPakFile: PakFile FullDirectoryIndexSize=144
[2024.07.11-15.36.33:833][  0]LogShaderLibrary: Display: ShaderCodeLibraryPakFileMountedCallback: PakFile 'D:/Develop/Unreal Engine/UE_4.27/FeaturePacks/TP_RollingBP.upack' (chunk index -1, root 'root:/') mounted
[2024.07.11-15.36.33:833][  0]LogShaderLibrary: Display: ShaderCodeLibraryPakFileMountedCallback: pending pak file info (ChunkID:-1 Root:root:/ File:D:/Develop/Unreal Engine/UE_4.27/FeaturePacks/TP_RollingBP.upack)
[2024.07.11-15.36.33:833][  0]LogPakFile: OnPakFileMounted2Time == 0.000061
[2024.07.11-15.36.33:856][  0]LogPakFile: PakFile PrimaryIndexSize=188
[2024.07.11-15.36.33:856][  0]LogPakFile: PakFile PathHashIndexSize=101
[2024.07.11-15.36.33:856][  0]LogPakFile: PakFile FullDirectoryIndexSize=150
[2024.07.11-15.36.33:856][  0]LogShaderLibrary: Display: ShaderCodeLibraryPakFileMountedCallback: PakFile 'D:/Develop/Unreal Engine/UE_4.27/FeaturePacks/TP_SideScroller.upack' (chunk index -1, root 'root:/') mounted
[2024.07.11-15.36.33:856][  0]LogShaderLibrary: Display: ShaderCodeLibraryPakFileMountedCallback: pending pak file info (ChunkID:-1 Root:root:/ File:D:/Develop/Unreal Engine/UE_4.27/FeaturePacks/TP_SideScroller.upack)
[2024.07.11-15.36.33:857][  0]LogPakFile: OnPakFileMounted2Time == 0.000100
[2024.07.11-15.36.33:873][  0]LogPakFile: PakFile PrimaryIndexSize=190
[2024.07.11-15.36.33:873][  0]LogPakFile: PakFile PathHashIndexSize=101
[2024.07.11-15.36.33:873][  0]LogPakFile: PakFile FullDirectoryIndexSize=154
[2024.07.11-15.36.33:873][  0]LogShaderLibrary: Display: ShaderCodeLibraryPakFileMountedCallback: PakFile 'D:/Develop/Unreal Engine/UE_4.27/FeaturePacks/TP_SideScrollerBP.upack' (chunk index -1, root 'root:/') mounted
[2024.07.11-15.36.33:873][  0]LogShaderLibrary: Display: ShaderCodeLibraryPakFileMountedCallback: pending pak file info (ChunkID:-1 Root:root:/ File:D:/Develop/Unreal Engine/UE_4.27/FeaturePacks/TP_SideScrollerBP.upack)
[2024.07.11-15.36.33:873][  0]LogPakFile: OnPakFileMounted2Time == 0.000061
[2024.07.11-15.36.33:886][  0]LogPakFile: PakFile PrimaryIndexSize=187
[2024.07.11-15.36.33:886][  0]LogPakFile: PakFile PathHashIndexSize=101
[2024.07.11-15.36.33:886][  0]LogPakFile: PakFile FullDirectoryIndexSize=148
[2024.07.11-15.36.33:886][  0]LogShaderLibrary: Display: ShaderCodeLibraryPakFileMountedCallback: PakFile 'D:/Develop/Unreal Engine/UE_4.27/FeaturePacks/TP_ThirdPerson.upack' (chunk index -1, root 'root:/') mounted
[2024.07.11-15.36.33:886][  0]LogShaderLibrary: Display: ShaderCodeLibraryPakFileMountedCallback: pending pak file info (ChunkID:-1 Root:root:/ File:D:/Develop/Unreal Engine/UE_4.27/FeaturePacks/TP_ThirdPerson.upack)
[2024.07.11-15.36.33:886][  0]LogPakFile: OnPakFileMounted2Time == 0.000050
[2024.07.11-15.36.34:128][  0]LogPakFile: PakFile PrimaryIndexSize=189
[2024.07.11-15.36.34:128][  0]LogPakFile: PakFile PathHashIndexSize=101
[2024.07.11-15.36.34:128][  0]LogPakFile: PakFile FullDirectoryIndexSize=152
[2024.07.11-15.36.34:128][  0]LogShaderLibrary: Display: ShaderCodeLibraryPakFileMountedCallback: PakFile 'D:/Develop/Unreal Engine/UE_4.27/FeaturePacks/TP_ThirdPersonBP.upack' (chunk index -1, root 'root:/') mounted
[2024.07.11-15.36.34:128][  0]LogShaderLibrary: Display: ShaderCodeLibraryPakFileMountedCallback: pending pak file info (ChunkID:-1 Root:root:/ File:D:/Develop/Unreal Engine/UE_4.27/FeaturePacks/TP_ThirdPersonBP.upack)
[2024.07.11-15.36.34:128][  0]LogPakFile: OnPakFileMounted2Time == 0.000116
[2024.07.11-15.36.34:244][  0]LogPakFile: PakFile PrimaryIndexSize=183
[2024.07.11-15.36.34:245][  0]LogPakFile: PakFile PathHashIndexSize=101
[2024.07.11-15.36.34:245][  0]LogPakFile: PakFile FullDirectoryIndexSize=140
[2024.07.11-15.36.34:245][  0]LogShaderLibrary: Display: ShaderCodeLibraryPakFileMountedCallback: PakFile 'D:/Develop/Unreal Engine/UE_4.27/FeaturePacks/TP_TopDown.upack' (chunk index -1, root 'root:/') mounted
[2024.07.11-15.36.34:245][  0]LogShaderLibrary: Display: ShaderCodeLibraryPakFileMountedCallback: pending pak file info (ChunkID:-1 Root:root:/ File:D:/Develop/Unreal Engine/UE_4.27/FeaturePacks/TP_TopDown.upack)
[2024.07.11-15.36.34:245][  0]LogPakFile: OnPakFileMounted2Time == 0.000100
[2024.07.11-15.36.34:273][  0]LogPakFile: PakFile PrimaryIndexSize=185
[2024.07.11-15.36.34:273][  0]LogPakFile: PakFile PathHashIndexSize=101
[2024.07.11-15.36.34:273][  0]LogPakFile: PakFile FullDirectoryIndexSize=144
[2024.07.11-15.36.34:273][  0]LogShaderLibrary: Display: ShaderCodeLibraryPakFileMountedCallback: PakFile 'D:/Develop/Unreal Engine/UE_4.27/FeaturePacks/TP_TopDownBP.upack' (chunk index -1, root 'root:/') mounted
[2024.07.11-15.36.34:273][  0]LogShaderLibrary: Display: ShaderCodeLibraryPakFileMountedCallback: pending pak file info (ChunkID:-1 Root:root:/ File:D:/Develop/Unreal Engine/UE_4.27/FeaturePacks/TP_TopDownBP.upack)
[2024.07.11-15.36.34:273][  0]LogPakFile: OnPakFileMounted2Time == 0.000051
[2024.07.11-15.36.34:314][  0]LogPakFile: PakFile PrimaryIndexSize=185
[2024.07.11-15.36.34:314][  0]LogPakFile: PakFile PathHashIndexSize=101
[2024.07.11-15.36.34:314][  0]LogPakFile: PakFile FullDirectoryIndexSize=144
[2024.07.11-15.36.34:314][  0]LogShaderLibrary: Display: ShaderCodeLibraryPakFileMountedCallback: PakFile 'D:/Develop/Unreal Engine/UE_4.27/FeaturePacks/TP_TwinStick.upack' (chunk index -1, root 'root:/') mounted
[2024.07.11-15.36.34:314][  0]LogShaderLibrary: Display: ShaderCodeLibraryPakFileMountedCallback: pending pak file info (ChunkID:-1 Root:root:/ File:D:/Develop/Unreal Engine/UE_4.27/FeaturePacks/TP_TwinStick.upack)
[2024.07.11-15.36.34:314][  0]LogPakFile: OnPakFileMounted2Time == 0.000046
[2024.07.11-15.36.34:402][  0]LogPakFile: PakFile PrimaryIndexSize=187
[2024.07.11-15.36.34:402][  0]LogPakFile: PakFile PathHashIndexSize=101
[2024.07.11-15.36.34:402][  0]LogPakFile: PakFile FullDirectoryIndexSize=148
[2024.07.11-15.36.34:402][  0]LogShaderLibrary: Display: ShaderCodeLibraryPakFileMountedCallback: PakFile 'D:/Develop/Unreal Engine/UE_4.27/FeaturePacks/TP_TwinStickBP.upack' (chunk index -1, root 'root:/') mounted
[2024.07.11-15.36.34:402][  0]LogShaderLibrary: Display: ShaderCodeLibraryPakFileMountedCallback: pending pak file info (ChunkID:-1 Root:root:/ File:D:/Develop/Unreal Engine/UE_4.27/FeaturePacks/TP_TwinStickBP.upack)
[2024.07.11-15.36.34:402][  0]LogPakFile: OnPakFileMounted2Time == 0.000048
[2024.07.11-15.36.34:436][  0]LogPakFile: PakFile PrimaryIndexSize=183
[2024.07.11-15.36.34:436][  0]LogPakFile: PakFile PathHashIndexSize=101
[2024.07.11-15.36.34:436][  0]LogPakFile: PakFile FullDirectoryIndexSize=140
[2024.07.11-15.36.34:436][  0]LogShaderLibrary: Display: ShaderCodeLibraryPakFileMountedCallback: PakFile 'D:/Develop/Unreal Engine/UE_4.27/FeaturePacks/TP_Vehicle.upack' (chunk index -1, root 'root:/') mounted
[2024.07.11-15.36.34:436][  0]LogShaderLibrary: Display: ShaderCodeLibraryPakFileMountedCallback: pending pak file info (ChunkID:-1 Root:root:/ File:D:/Develop/Unreal Engine/UE_4.27/FeaturePacks/TP_Vehicle.upack)
[2024.07.11-15.36.34:436][  0]LogPakFile: OnPakFileMounted2Time == 0.000054
[2024.07.11-15.36.34:462][  0]LogPakFile: PakFile PrimaryIndexSize=186
[2024.07.11-15.36.34:462][  0]LogPakFile: PakFile PathHashIndexSize=101
[2024.07.11-15.36.34:462][  0]LogPakFile: PakFile FullDirectoryIndexSize=146
[2024.07.11-15.36.34:462][  0]LogShaderLibrary: Display: ShaderCodeLibraryPakFileMountedCallback: PakFile 'D:/Develop/Unreal Engine/UE_4.27/FeaturePacks/TP_VehicleAdv.upack' (chunk index -1, root 'root:/') mounted
[2024.07.11-15.36.34:462][  0]LogShaderLibrary: Display: ShaderCodeLibraryPakFileMountedCallback: pending pak file info (ChunkID:-1 Root:root:/ File:D:/Develop/Unreal Engine/UE_4.27/FeaturePacks/TP_VehicleAdv.upack)
[2024.07.11-15.36.34:462][  0]LogPakFile: OnPakFileMounted2Time == 0.000050
[2024.07.11-15.36.34:498][  0]LogPakFile: PakFile PrimaryIndexSize=188
[2024.07.11-15.36.34:498][  0]LogPakFile: PakFile PathHashIndexSize=101
[2024.07.11-15.36.34:498][  0]LogPakFile: PakFile FullDirectoryIndexSize=150
[2024.07.11-15.36.34:498][  0]LogShaderLibrary: Display: ShaderCodeLibraryPakFileMountedCallback: PakFile 'D:/Develop/Unreal Engine/UE_4.27/FeaturePacks/TP_VehicleAdvBP.upack' (chunk index -1, root 'root:/') mounted
[2024.07.11-15.36.34:498][  0]LogShaderLibrary: Display: ShaderCodeLibraryPakFileMountedCallback: pending pak file info (ChunkID:-1 Root:root:/ File:D:/Develop/Unreal Engine/UE_4.27/FeaturePacks/TP_VehicleAdvBP.upack)
[2024.07.11-15.36.34:498][  0]LogPakFile: OnPakFileMounted2Time == 0.000054
[2024.07.11-15.36.34:693][  0]LogPakFile: PakFile PrimaryIndexSize=185
[2024.07.11-15.36.34:693][  0]LogPakFile: PakFile PathHashIndexSize=101
[2024.07.11-15.36.34:693][  0]LogPakFile: PakFile FullDirectoryIndexSize=144
[2024.07.11-15.36.34:693][  0]LogShaderLibrary: Display: ShaderCodeLibraryPakFileMountedCallback: PakFile 'D:/Develop/Unreal Engine/UE_4.27/FeaturePacks/TP_VehicleBP.upack' (chunk index -1, root 'root:/') mounted
[2024.07.11-15.36.34:693][  0]LogShaderLibrary: Display: ShaderCodeLibraryPakFileMountedCallback: pending pak file info (ChunkID:-1 Root:root:/ File:D:/Develop/Unreal Engine/UE_4.27/FeaturePacks/TP_VehicleBP.upack)
[2024.07.11-15.36.34:693][  0]LogPakFile: OnPakFileMounted2Time == 0.000096
[2024.07.11-15.36.34:770][  0]LogPakFile: PakFile PrimaryIndexSize=192
[2024.07.11-15.36.34:770][  0]LogPakFile: PakFile PathHashIndexSize=101
[2024.07.11-15.36.34:770][  0]LogPakFile: PakFile FullDirectoryIndexSize=158
[2024.07.11-15.36.34:770][  0]LogShaderLibrary: Display: ShaderCodeLibraryPakFileMountedCallback: PakFile 'D:/Develop/Unreal Engine/UE_4.27/FeaturePacks/TP_VirtualRealityBP.upack' (chunk index -1, root 'root:/') mounted
[2024.07.11-15.36.34:770][  0]LogShaderLibrary: Display: ShaderCodeLibraryPakFileMountedCallback: pending pak file info (ChunkID:-1 Root:root:/ File:D:/Develop/Unreal Engine/UE_4.27/FeaturePacks/TP_VirtualRealityBP.upack)
[2024.07.11-15.36.34:770][  0]LogPakFile: OnPakFileMounted2Time == 0.000089
[2024.07.11-15.36.38:261][  0]LogNativeClassHierarchy: Verbose: Native class hierarchy updated for 'AddContentDialog' in 0.0009 seconds. Added 0 classes and 0 folders.
[2024.07.11-15.36.38:306][  0]LogNativeClassHierarchy: Verbose: Native class hierarchy updated for 'SceneOutliner' in 0.0003 seconds. Added 2 classes and 0 folders.
[2024.07.11-15.36.39:726][  0]LogSlate: Took 0.000336 seconds to synchronously load lazily loaded font '../../../Engine/Content/Slate/Fonts/Roboto-Regular.ttf' (155K)
[2024.07.11-15.36.39:771][  0]LogSlate: Took 0.015176 seconds to synchronously load lazily loaded font '../../../Engine/Content/Editor/Slate/Fonts/FontAwesome.ttf' (139K)
[2024.07.11-15.36.39:787][  0]LogSlate: Took 0.000169 seconds to synchronously load lazily loaded font '../../../Engine/Content/Slate/Fonts/Roboto-Bold.ttf' (160K)
[2024.07.11-15.36.40:560][  0]LogRenderer: Reallocating scene render targets to support 720x420 Format 10 NumSamples 1 (Frame:1).
[2024.07.11-15.36.41:832][  0]LogNativeClassHierarchy: Verbose: Native class hierarchy updated for 'HierarchicalLODOutliner' in 0.0003 seconds. Added 0 classes and 0 folders.
[2024.07.11-15.36.41:832][  0]LogLoad: (Engine Initialization) Total time: 111.24 seconds
[2024.07.11-15.36.41:832][  0]LogLoad: (Engine Initialization) Total Blueprint compile time: 0.00 seconds
[2024.07.11-15.36.42:089][  0]LogAssetRegistry: Asset discovery search completed in 105.4581 seconds
[2024.07.11-15.36.42:094][  0]LogCollectionManager: Fixed up redirectors for 0 collections in 0.000003 seconds (updated 0 objects)
[2024.07.11-15.36.42:140][  0]LogContentStreaming: Texture pool size now 1000 MB
[2024.07.11-15.36.42:848][  2]LogSlate: Took 0.045349 seconds to synchronously load lazily loaded font '../../../Engine/Content/Slate/Fonts/Roboto-Light.ttf' (167K)
[2024.07.11-15.36.43:577][  4]LogSlate: Took 0.000153 seconds to synchronously load lazily loaded font '../../../Engine/Content/Slate/Fonts/Roboto-Light.ttf' (167K)
[2024.07.11-15.49.38:130][393]LogUObjectHash: Compacting FUObjectHashTables data took   1.88ms
[2024.07.11-15.49.38:865][393]LogAssetEditorSubsystem: Opening Asset editor for World /Game/test.test
[2024.07.11-15.49.38:878][393]Cmd: MAP LOAD FILE="../../../../../Unreal Projects/FirstBPProjectUE/Content/test.umap" TEMPLATE=0 SHOWPROGRESS=1 FEATURELEVEL=3
[2024.07.11-15.49.38:878][393]LightingResults: New page: Lighting Build
[2024.07.11-15.49.38:878][393]LoadErrors: New page: Loading map: test.umap
[2024.07.11-15.49.38:935][393]LogWorld: UWorld::CleanupWorld for Untitled_1, bSessionEnded=true, bCleanupResources=true
[2024.07.11-15.49.38:949][393]LogSlate: InvalidateAllWidgets triggered.  All widgets were invalidated
[2024.07.11-15.49.38:960][393]MapCheck: New page: Map Check
[2024.07.11-15.49.38:960][393]LightingResults: New page: Lighting Build
[2024.07.11-15.49.38:968][393]LogAudio: Display: Audio Device unregistered from world 'None'.
[2024.07.11-15.49.39:025][393]LogUObjectHash: Compacting FUObjectHashTables data took   1.18ms
[2024.07.11-15.49.39:027][393]LogAudio: Display: Audio Device (ID: 1) registered with world 'test'.
[2024.07.11-15.49.39:301][393]LogEditorServer: Finished looking for orphan Actors (0.000 secs)
[2024.07.11-15.49.39:301][393]LogAIModule: Creating AISystem for world test
[2024.07.11-15.49.39:322][393]LogUObjectHash: Compacting FUObjectHashTables data took   1.05ms
[2024.07.11-15.49.39:402][393]Cmd: MAP CHECKDEP NOCLEARLOG
[2024.07.11-15.49.39:402][393]MapCheck: Map check complete: 0 Error(s), 0 Warning(s), took 0,118ms to complete.
[2024.07.11-15.49.39:402][393]LogFileHelpers: Loading map 'test' took 0.525
[2024.07.11-15.49.54:551][ 12]LogTemp: Repeating last play command: Selected Viewport
[2024.07.11-15.49.54:658][ 12]LogPlayLevel: PlayLevel: No blueprints needed recompiling
[2024.07.11-15.49.54:666][ 12]PIE: New page: PIE session: test (11/07/2024, 5:49:54 a. m.)
[2024.07.11-15.49.54:711][ 12]LogOnline: OSS: Creating online subsystem instance for: NULL
[2024.07.11-15.49.54:723][ 12]LogOnline: OSS: TryLoadSubsystemAndSetDefault: Loaded subsystem for module [NULL]
[2024.07.11-15.49.54:797][ 12]LogPlayLevel: Creating play world package: /Game/UEDPIE_0_test
[2024.07.11-15.49.54:884][ 12]LogPlayLevel: PIE: StaticDuplicateObject took: (0.087497s)
[2024.07.11-15.49.54:900][ 12]LogAIModule: Creating AISystem for world test
[2024.07.11-15.49.54:919][ 12]LogPlayLevel: PIE: World Init took: (0.033747s)
[2024.07.11-15.49.54:931][ 12]LogPlayLevel: PIE: Created PIE world by copying editor world from /Game/test.test to /Game/UEDPIE_0_test.test (0.134417s)
[2024.07.11-15.49.54:953][ 12]LogUObjectHash: Compacting FUObjectHashTables data took   2.49ms
[2024.07.11-15.49.55:052][ 12]LogAudio: Display: Creating Audio Device:                 Id: 2, Scope: Unique, Realtime: True
[2024.07.11-15.49.55:052][ 12]LogAudioMixer: Display: Audio Mixer Platform Settings:
[2024.07.11-15.49.55:052][ 12]LogAudioMixer: Display: 	Sample Rate:						  48000
[2024.07.11-15.49.55:052][ 12]LogAudioMixer: Display: 	Callback Buffer Frame Size Requested: 1024
[2024.07.11-15.49.55:052][ 12]LogAudioMixer: Display: 	Callback Buffer Frame Size To Use:	  1024
[2024.07.11-15.49.55:052][ 12]LogAudioMixer: Display: 	Number of buffers to queue:			  2
[2024.07.11-15.49.55:054][ 12]LogAudioMixer: Display: 	Max Channels (voices):				  32
[2024.07.11-15.49.55:054][ 12]LogAudioMixer: Display: 	Number of Async Source Workers:		  0
[2024.07.11-15.49.55:054][ 12]LogAudio: Display: AudioDevice MaxSources: 32
[2024.07.11-15.49.55:056][ 12]LogAudio: Display: Audio Spatialization Plugin: None (built-in).
[2024.07.11-15.49.55:056][ 12]LogAudio: Display: Audio Reverb Plugin: None (built-in).
[2024.07.11-15.49.55:056][ 12]LogAudio: Display: Audio Occlusion Plugin: None (built-in).
[2024.07.11-15.49.55:057][ 12]LogAudioMixer: Display: Initializing audio mixer.
[2024.07.11-15.49.55:328][ 12]LogAudioMixer: Display: 0: FrontLeft
[2024.07.11-15.49.55:328][ 12]LogAudioMixer: Display: 1: FrontRight
[2024.07.11-15.49.55:434][ 12]LogAudioMixer: Display: Using Audio Device Altavoces (Realtek High Definition Audio)
[2024.07.11-15.49.55:434][ 12]LogAudioMixer: Display: Initializing Sound Submixes...
[2024.07.11-15.49.55:434][ 12]LogAudioMixer: Display: Creating Master Submix 'MasterSubmixDefault'
[2024.07.11-15.49.55:434][ 12]LogAudioMixer: Display: Creating Master Submix 'MasterReverbSubmixDefault'
[2024.07.11-15.49.55:435][ 12]LogAudioMixer: Display: Creating Master Submix 'MasterEQSubmixDefault'
[2024.07.11-15.49.55:435][ 12]LogAudioMixer: FMixerPlatformXAudio2::StartAudioStream() called
[2024.07.11-15.49.55:435][ 12]LogAudioMixer: Display: Output buffers initialized: Frames=1024, Channels=2, Samples=2048
[2024.07.11-15.49.55:437][ 12]LogAudioMixer: Display: Starting AudioMixerPlatformInterface::RunInternal()
[2024.07.11-15.49.55:437][ 12]LogAudioMixer: Display: FMixerPlatformXAudio2::SubmitBuffer() called for the first time
[2024.07.11-15.49.55:437][ 12]LogInit: FAudioDevice initialized.
[2024.07.11-15.49.55:437][ 12]LogAudio: Display: Audio Device (ID: 2) registered with world 'test'.
[2024.07.11-15.49.55:539][ 12]LogLoad: Game class is 'GameModeBase'
[2024.07.11-15.49.55:678][ 12]LogWorld: Bringing World /Game/UEDPIE_0_test.test up for play (max tick rate 0) at 2024.07.11-10.49.55
[2024.07.11-15.49.55:955][ 12]PIE: Warning: Mobility of /Game/UEDPIE_0_test.test:PersistentLevel.BlueprintTwo_2 : CollisionCylinder has to be 'Movable' if you'd like to move. 
[2024.07.11-15.49.56:058][ 12]LogWorld: Bringing up level for play took: 0.382216
[2024.07.11-15.49.56:100][ 12]LogOnline: OSS: Creating online subsystem instance for: :Context_4
[2024.07.11-15.49.56:545][ 12]LogNativeClassHierarchy: Verbose: Native class hierarchy updated for 'MovieSceneCapture' in 0.0005 seconds. Added 20 classes and 0 folders.
[2024.07.11-15.49.56:687][ 12]PIE: Server logged in
[2024.07.11-15.49.56:746][ 12]PIE: Play in editor total start time 2,158 seconds.
[2024.07.11-15.49.56:861][ 12]PIE: Warning: Mobility of /Game/UEDPIE_0_test.test:PersistentLevel.BlueprintTwo_2 : CollisionCylinder has to be 'Movable' if you'd like to move it with CharacterMovementComponent. 
[2024.07.11-15.50.01:982][370]LogSlate: Updating window title bar state: overlay mode, drag disabled, window buttons hidden, title bar hidden
[2024.07.11-15.50.01:982][370]LogWorld: BeginTearingDown for /Game/UEDPIE_0_test
[2024.07.11-15.50.02:029][370]LogWorld: UWorld::CleanupWorld for test, bSessionEnded=true, bCleanupResources=true
[2024.07.11-15.50.02:031][370]LogSlate: InvalidateAllWidgets triggered.  All widgets were invalidated
[2024.07.11-15.50.02:121][370]LogPlayLevel: Display: Shutting down PIE online subsystems
[2024.07.11-15.50.02:143][370]LogSlate: InvalidateAllWidgets triggered.  All widgets were invalidated
[2024.07.11-15.50.02:206][370]LogAudio: Display: Audio Device unregistered from world 'None'.
[2024.07.11-15.50.02:208][370]LogAudioMixer: FMixerPlatformXAudio2::StopAudioStream() called
[2024.07.11-15.50.02:217][370]LogAudioMixer: FMixerPlatformXAudio2::StopAudioStream() called
[2024.07.11-15.50.02:260][370]LogSlate: Updating window title bar state: overlay mode, drag disabled, window buttons hidden, title bar hidden
[2024.07.11-15.50.02:308][370]LogUObjectHash: Compacting FUObjectHashTables data took   9.80ms
[2024.07.11-15.50.02:892][370]LogSlate: Took 0.107792 seconds to synchronously load lazily loaded font '../../../Engine/Content/Slate/Fonts/DroidSansMono.ttf' (77K)
[2024.07.11-15.50.03:009][371]LogPlayLevel: Display: Destroying online subsystem :Context_4
[2024.07.11-15.50.04:282][384]LogSlate: Window 'Message Log' being destroyed
[2024.07.11-15.50.04:421][384]LogSlate: Window 'Message Log' being destroyed
[2024.07.11-15.50.05:768][414]LogTemp: Repeating last play command: Selected Viewport
[2024.07.11-15.50.05:837][414]LogPlayLevel: PlayLevel: No blueprints needed recompiling
[2024.07.11-15.50.05:838][414]PIE: New page: PIE session: test (11/07/2024, 5:50:05 a. m.)
[2024.07.11-15.50.05:839][414]LogPlayLevel: Creating play world package: /Game/UEDPIE_0_test
[2024.07.11-15.50.05:875][414]LogPlayLevel: PIE: StaticDuplicateObject took: (0.035795s)
[2024.07.11-15.50.05:885][414]LogAIModule: Creating AISystem for world test
[2024.07.11-15.50.05:887][414]LogPlayLevel: PIE: World Init took: (0.011306s)
[2024.07.11-15.50.05:887][414]LogPlayLevel: PIE: Created PIE world by copying editor world from /Game/test.test to /Game/UEDPIE_0_test.test (0.048235s)
[2024.07.11-15.50.05:934][414]LogUObjectHash: Compacting FUObjectHashTables data took   6.00ms
[2024.07.11-15.50.05:937][414]LogAudio: Display: Creating Audio Device:                 Id: 3, Scope: Unique, Realtime: True
[2024.07.11-15.50.05:938][414]LogAudioMixer: Display: Audio Mixer Platform Settings:
[2024.07.11-15.50.05:938][414]LogAudioMixer: Display: 	Sample Rate:						  48000
[2024.07.11-15.50.05:938][414]LogAudioMixer: Display: 	Callback Buffer Frame Size Requested: 1024
[2024.07.11-15.50.05:938][414]LogAudioMixer: Display: 	Callback Buffer Frame Size To Use:	  1024
[2024.07.11-15.50.05:938][414]LogAudioMixer: Display: 	Number of buffers to queue:			  2
[2024.07.11-15.50.05:938][414]LogAudioMixer: Display: 	Max Channels (voices):				  32
[2024.07.11-15.50.05:939][414]LogAudioMixer: Display: 	Number of Async Source Workers:		  0
[2024.07.11-15.50.05:939][414]LogAudio: Display: AudioDevice MaxSources: 32
[2024.07.11-15.50.05:941][414]LogAudio: Display: Audio Spatialization Plugin: None (built-in).
[2024.07.11-15.50.05:941][414]LogAudio: Display: Audio Reverb Plugin: None (built-in).
[2024.07.11-15.50.05:941][414]LogAudio: Display: Audio Occlusion Plugin: None (built-in).
[2024.07.11-15.50.05:941][414]LogAudioMixer: Display: Initializing audio mixer.
[2024.07.11-15.50.05:973][414]LogAudioMixer: Display: 0: FrontLeft
[2024.07.11-15.50.05:973][414]LogAudioMixer: Display: 1: FrontRight
[2024.07.11-15.50.06:483][414]LogAudioMixer: Display: Using Audio Device Altavoces (Realtek High Definition Audio)
[2024.07.11-15.50.06:485][414]LogAudioMixer: Display: Initializing Sound Submixes...
[2024.07.11-15.50.06:485][414]LogAudioMixer: Display: Creating Master Submix 'MasterSubmixDefault'
[2024.07.11-15.50.06:485][414]LogAudioMixer: Display: Creating Master Submix 'MasterReverbSubmixDefault'
[2024.07.11-15.50.06:488][414]LogAudioMixer: Display: Creating Master Submix 'MasterEQSubmixDefault'
[2024.07.11-15.50.06:488][414]LogAudioMixer: FMixerPlatformXAudio2::StartAudioStream() called
[2024.07.11-15.50.06:488][414]LogAudioMixer: Display: Output buffers initialized: Frames=1024, Channels=2, Samples=2048
[2024.07.11-15.50.06:496][414]LogAudioMixer: Display: Starting AudioMixerPlatformInterface::RunInternal()
[2024.07.11-15.50.06:496][414]LogAudioMixer: Display: FMixerPlatformXAudio2::SubmitBuffer() called for the first time
[2024.07.11-15.50.06:496][414]LogInit: FAudioDevice initialized.
[2024.07.11-15.50.06:497][414]LogAudio: Display: Audio Device (ID: 3) registered with world 'test'.
[2024.07.11-15.50.06:537][414]LogLoad: Game class is 'GameModeBase'
[2024.07.11-15.50.06:550][414]LogWorld: Bringing World /Game/UEDPIE_0_test.test up for play (max tick rate 0) at 2024.07.11-10.50.06
[2024.07.11-15.50.06:553][414]PIE: Warning: Mobility of /Game/UEDPIE_0_test.test:PersistentLevel.BlueprintTwo_2 : CollisionCylinder has to be 'Movable' if you'd like to move. 
[2024.07.11-15.50.06:553][414]LogWorld: Bringing up level for play took: 0.009085
[2024.07.11-15.50.06:555][414]LogOnline: OSS: Creating online subsystem instance for: :Context_5
[2024.07.11-15.50.06:571][414]PIE: Server logged in
[2024.07.11-15.50.06:575][414]PIE: Play in editor total start time 0,752 seconds.
[2024.07.11-15.50.06:578][414]PIE: Warning: Mobility of /Game/UEDPIE_0_test.test:PersistentLevel.BlueprintTwo_2 : CollisionCylinder has to be 'Movable' if you'd like to move it with CharacterMovementComponent. 
[2024.07.11-15.50.08:716][575]LogSlate: Updating window title bar state: overlay mode, drag disabled, window buttons hidden, title bar hidden
[2024.07.11-15.50.08:716][575]LogWorld: BeginTearingDown for /Game/UEDPIE_0_test
[2024.07.11-15.50.08:717][575]LogWorld: UWorld::CleanupWorld for test, bSessionEnded=true, bCleanupResources=true
[2024.07.11-15.50.08:717][575]LogSlate: InvalidateAllWidgets triggered.  All widgets were invalidated
[2024.07.11-15.50.08:741][575]LogPlayLevel: Display: Shutting down PIE online subsystems
[2024.07.11-15.50.08:745][575]LogSlate: InvalidateAllWidgets triggered.  All widgets were invalidated
[2024.07.11-15.50.08:767][575]LogSlate: Updating window title bar state: overlay mode, drag disabled, window buttons hidden, title bar hidden
[2024.07.11-15.50.08:768][575]LogAudioMixer: FMixerPlatformXAudio2::StopAudioStream() called
[2024.07.11-15.50.08:771][575]LogAudioMixer: FMixerPlatformXAudio2::StopAudioStream() called
[2024.07.11-15.50.08:787][575]LogUObjectHash: Compacting FUObjectHashTables data took   2.33ms
[2024.07.11-15.50.08:987][576]LogPlayLevel: Display: Destroying online subsystem :Context_5
[2024.07.11-15.50.10:182][628]LogSlate: Window 'Message Log' being destroyed
[2024.07.11-15.50.10:205][628]LogSlate: Window 'Message Log' being destroyed
[2024.07.11-16.05.43:914][ 89]LogAssetEditorSubsystem: Opening Asset editor for Blueprint /Game/Bullet.Bullet
[2024.07.11-16.05.45:175][ 89]LogBlueprintEditor: Perf: 0.5 total seconds to load all 5 blueprint libraries in project. Avoid references to content in blueprint libraries to shorten this time.
[2024.07.11-16.05.45:175][ 89]LogBlueprintEditor: Perf: 0.2 seconds loading: /Engine/ArtTools/RenderToTexture/Macros/RenderToTextureFunctionLibrary
[2024.07.11-16.05.47:463][ 89]LogNativeClassHierarchy: Verbose: Native class hierarchy updated for 'BlueprintGraph' in 0.0015 seconds. Added 126 classes and 0 folders.
[2024.07.11-16.05.50:840][ 89]LogSlate: Took 0.022491 seconds to synchronously load lazily loaded font '../../../Engine/Content/Slate/Fonts/Roboto-BoldCondensed.ttf' (158K)
[2024.07.11-16.05.52:101][ 90]LogSlate: Took 0.019461 seconds to synchronously load lazily loaded font '../../../Engine/Content/Slate/Fonts/Roboto-Italic.ttf' (157K)
[2024.07.11-16.08.12:028][600]LogSlate: Window 'Bullet' being destroyed
[2024.07.11-16.09.02:176][128]LogSlate: Took 0.019952 seconds to synchronously load lazily loaded font '../../../Engine/Content/Slate/Fonts/Roboto-BoldCondensedItalic.ttf' (160K)
[2024.07.11-16.09.28:654][626]BlueprintLog: New page: Compile Bullet
[2024.07.11-16.09.28:873][626]LogUObjectHash: Compacting FUObjectHashTables data took   3.60ms
[2024.07.11-16.09.32:441][817]LogEditorViewport: Clicking on Actor (LMB): Bullet_C (Bullet2)
[2024.07.11-16.09.48:984][695]Cmd: OBJ SAVEPACKAGE PACKAGE="/Game/Bullet" FILE="../../../../../Unreal Projects/FirstBPProjectUE/Content/Bullet.uasset" SILENT=true
[2024.07.11-16.09.49:259][695]LogSavePackage: Moving '../../../../../Unreal Projects/FirstBPProjectUE/Saved/BulletD8D1C9EB49BE89A50359C28DD751384A.tmp' to '../../../../../Unreal Projects/FirstBPProjectUE/Content/Bullet.uasset'
[2024.07.11-16.09.49:332][695]AssetCheck: New page: Asset Save: Bullet
[2024.07.11-16.09.49:333][695]LogContentValidation: Display: Validating Blueprint /Game/Bullet.Bullet
[2024.07.11-16.10.31:234][946]LogEditorViewport: Clicking on Actor (LMB): Bullet_C (Bullet2)
[2024.07.11-16.10.35:149][128]LogEditorViewport: Clicking on Actor (LMB): StaticMeshActor (Floor)
[2024.07.11-16.11.03:245][574]Cmd: DELETE
[2024.07.11-16.11.03:252][574]Cmd: ACTOR DELETE
[2024.07.11-16.11.03:572][574]LogEditorActor: Deleted Actor: Bullet_C
[2024.07.11-16.11.03:628][574]LogUObjectHash: Compacting FUObjectHashTables data took   4.74ms
[2024.07.11-16.11.03:629][574]LogEditorActor: Deleted 1 Actors (0.105 secs)
[2024.07.11-16.11.25:659][666]LogEditorViewport: Clicking on Actor (LMB): StaticMeshActor (Floor)
[2024.07.11-16.11.59:422][119]Cmd: OBJ SAVEPACKAGE PACKAGE="/Game/Bullet" FILE="../../../../../Unreal Projects/FirstBPProjectUE/Content/Bullet.uasset" SILENT=true
[2024.07.11-16.11.59:448][119]LogSavePackage: Moving '../../../../../Unreal Projects/FirstBPProjectUE/Saved/Bullet8E1A0B5945E76A0F99F9E8BC97A88E5C.tmp' to '../../../../../Unreal Projects/FirstBPProjectUE/Content/Bullet.uasset'
[2024.07.11-16.11.59:479][119]AssetCheck: New page: Asset Save: Bullet
[2024.07.11-16.11.59:479][119]LogContentValidation: Display: Validating Blueprint /Game/Bullet.Bullet
[2024.07.11-16.12.00:546][182]BlueprintLog: New page: Compile Bullet
[2024.07.11-16.12.00:627][182]LogUObjectHash: Compacting FUObjectHashTables data took   4.57ms
[2024.07.11-16.12.01:783][234]Cmd: OBJ SAVEPACKAGE PACKAGE="/Game/Bullet" FILE="../../../../../Unreal Projects/FirstBPProjectUE/Content/Bullet.uasset" SILENT=true
[2024.07.11-16.12.01:818][234]LogSavePackage: Moving '../../../../../Unreal Projects/FirstBPProjectUE/Saved/Bullet27901A1A43DC10AA9FA38FB9497C0CAC.tmp' to '../../../../../Unreal Projects/FirstBPProjectUE/Content/Bullet.uasset'
[2024.07.11-16.12.01:862][234]AssetCheck: New page: Asset Save: Bullet
[2024.07.11-16.12.01:862][234]LogContentValidation: Display: Validating Blueprint /Game/Bullet.Bullet
[2024.07.11-16.12.18:373][108]LogTemp: Repeating last play command: Selected Viewport
[2024.07.11-16.12.18:392][108]LogPlayLevel: PlayLevel: No blueprints needed recompiling
[2024.07.11-16.12.18:392][108]PIE: New page: PIE session: test (11/07/2024, 6:12:18 a. m.)
[2024.07.11-16.12.18:393][108]LogPlayLevel: Creating play world package: /Game/UEDPIE_0_test
[2024.07.11-16.12.18:402][108]LogPlayLevel: PIE: StaticDuplicateObject took: (0.009682s)
[2024.07.11-16.12.18:405][108]LogAIModule: Creating AISystem for world test
[2024.07.11-16.12.18:406][108]LogPlayLevel: PIE: World Init took: (0.003868s)
[2024.07.11-16.12.18:406][108]LogPlayLevel: PIE: Created PIE world by copying editor world from /Game/test.test to /Game/UEDPIE_0_test.test (0.013967s)
[2024.07.11-16.12.18:458][108]LogUObjectHash: Compacting FUObjectHashTables data took   6.20ms
[2024.07.11-16.12.18:460][108]LogAudio: Display: Creating Audio Device:                 Id: 4, Scope: Unique, Realtime: True
[2024.07.11-16.12.18:460][108]LogAudioMixer: Display: Audio Mixer Platform Settings:
[2024.07.11-16.12.18:460][108]LogAudioMixer: Display: 	Sample Rate:						  48000
[2024.07.11-16.12.18:460][108]LogAudioMixer: Display: 	Callback Buffer Frame Size Requested: 1024
[2024.07.11-16.12.18:460][108]LogAudioMixer: Display: 	Callback Buffer Frame Size To Use:	  1024
[2024.07.11-16.12.18:460][108]LogAudioMixer: Display: 	Number of buffers to queue:			  2
[2024.07.11-16.12.18:460][108]LogAudioMixer: Display: 	Max Channels (voices):				  32
[2024.07.11-16.12.18:460][108]LogAudioMixer: Display: 	Number of Async Source Workers:		  0
[2024.07.11-16.12.18:460][108]LogAudio: Display: AudioDevice MaxSources: 32
[2024.07.11-16.12.18:461][108]LogAudio: Display: Audio Spatialization Plugin: None (built-in).
[2024.07.11-16.12.18:461][108]LogAudio: Display: Audio Reverb Plugin: None (built-in).
[2024.07.11-16.12.18:461][108]LogAudio: Display: Audio Occlusion Plugin: None (built-in).
[2024.07.11-16.12.18:462][108]LogAudioMixer: Display: Initializing audio mixer.
[2024.07.11-16.12.18:473][108]LogAudioMixer: Display: 0: FrontLeft
[2024.07.11-16.12.18:473][108]LogAudioMixer: Display: 1: FrontRight
[2024.07.11-16.12.18:647][108]LogAudioMixer: Display: Using Audio Device Altavoces (Realtek High Definition Audio)
[2024.07.11-16.12.18:648][108]LogAudioMixer: Display: Initializing Sound Submixes...
[2024.07.11-16.12.18:648][108]LogAudioMixer: Display: Creating Master Submix 'MasterSubmixDefault'
[2024.07.11-16.12.18:648][108]LogAudioMixer: Display: Creating Master Submix 'MasterReverbSubmixDefault'
[2024.07.11-16.12.18:649][108]LogAudioMixer: Display: Creating Master Submix 'MasterEQSubmixDefault'
[2024.07.11-16.12.18:649][108]LogAudioMixer: FMixerPlatformXAudio2::StartAudioStream() called
[2024.07.11-16.12.18:649][108]LogAudioMixer: Display: Output buffers initialized: Frames=1024, Channels=2, Samples=2048
[2024.07.11-16.12.18:652][108]LogAudioMixer: Display: Starting AudioMixerPlatformInterface::RunInternal()
[2024.07.11-16.12.18:653][108]LogAudioMixer: Display: FMixerPlatformXAudio2::SubmitBuffer() called for the first time
[2024.07.11-16.12.18:653][108]LogInit: FAudioDevice initialized.
[2024.07.11-16.12.18:653][108]LogAudio: Display: Audio Device (ID: 4) registered with world 'test'.
[2024.07.11-16.12.18:675][108]LogLoad: Game class is 'GameModeBase'
[2024.07.11-16.12.18:680][108]LogWorld: Bringing World /Game/UEDPIE_0_test.test up for play (max tick rate 60) at 2024.07.11-11.12.18
[2024.07.11-16.12.18:681][108]PIE: Warning: Mobility of /Game/UEDPIE_0_test.test:PersistentLevel.BlueprintTwo_2 : CollisionCylinder has to be 'Movable' if you'd like to move. 
[2024.07.11-16.12.18:681][108]LogWorld: Bringing up level for play took: 0.002985
[2024.07.11-16.12.18:681][108]LogOnline: OSS: Creating online subsystem instance for: :Context_9
[2024.07.11-16.12.18:688][108]PIE: Server logged in
[2024.07.11-16.12.18:690][108]PIE: Play in editor total start time 0,305 seconds.
[2024.07.11-16.12.18:703][108]PIE: Warning: Mobility of /Game/UEDPIE_0_test.test:PersistentLevel.BlueprintTwo_2 : CollisionCylinder has to be 'Movable' if you'd like to move it with CharacterMovementComponent. 
[2024.07.11-16.12.20:338][187]LogSlate: Updating window title bar state: overlay mode, drag disabled, window buttons hidden, title bar hidden
[2024.07.11-16.12.20:339][187]LogWorld: BeginTearingDown for /Game/UEDPIE_0_test
[2024.07.11-16.12.20:339][187]LogWorld: UWorld::CleanupWorld for test, bSessionEnded=true, bCleanupResources=true
[2024.07.11-16.12.20:340][187]LogSlate: InvalidateAllWidgets triggered.  All widgets were invalidated
[2024.07.11-16.12.20:367][187]LogPlayLevel: Display: Shutting down PIE online subsystems
[2024.07.11-16.12.20:393][187]LogSlate: InvalidateAllWidgets triggered.  All widgets were invalidated
[2024.07.11-16.12.20:458][187]LogAudio: Display: Audio Device unregistered from world 'None'.
[2024.07.11-16.12.20:459][187]LogAudioMixer: FMixerPlatformXAudio2::StopAudioStream() called
[2024.07.11-16.12.20:464][187]LogAudioMixer: FMixerPlatformXAudio2::StopAudioStream() called
[2024.07.11-16.12.20:479][187]LogSlate: Updating window title bar state: overlay mode, drag disabled, window buttons hidden, title bar hidden
[2024.07.11-16.12.20:493][187]LogUObjectHash: Compacting FUObjectHashTables data took   8.75ms
[2024.07.11-16.12.20:767][188]LogPlayLevel: Display: Destroying online subsystem :Context_9
[2024.07.11-16.12.21:931][233]LogSlate: Window 'Message Log' being destroyed
[2024.07.11-16.12.21:945][233]LogSlate: Window 'Message Log' being destroyed
[2024.07.11-16.13.21:944][471]LogUObjectHash: Compacting FUObjectHashTables data took   3.08ms
[2024.07.11-16.13.21:958][471]Cmd: OBJ SAVEPACKAGE PACKAGE="/Game/test" FILE="../../../../../Unreal Projects/FirstBPProjectUE/Saved/Autosaves/Game/test_Auto1.umap" SILENT=true AUTOSAVING=true KEEPDIRTY=false
[2024.07.11-16.13.21:994][471]LogSavePackage: Moving '../../../../../Unreal Projects/FirstBPProjectUE/Saved/test_Auto149595FF34C92E83EE5F099A452CDA8B4.tmp' to '../../../../../Unreal Projects/FirstBPProjectUE/Saved/Autosaves/Game/test_Auto1.umap'
[2024.07.11-16.13.21:995][471]LogFileHelpers: Editor autosave (incl. external actors) for '/Game/test' took 0.090
[2024.07.11-16.13.21:995][471]LogFileHelpers: Editor autosave (incl. sublevels & external actors) for all levels took 0.090
[2024.07.11-16.14.07:864][666]LogEditorViewport: Clicking on Actor (LMB): BP_Sky_Sphere_C (Sky Sphere)
[2024.07.11-16.14.08:457][688]Cmd: OBJ SAVEPACKAGE PACKAGE="/Game/test" FILE="../../../../../Unreal Projects/FirstBPProjectUE/Content/test.umap" SILENT=true AUTOSAVING=false KEEPDIRTY=false
[2024.07.11-16.14.08:535][688]LogUObjectHash: Compacting FUObjectHashTables data took   4.62ms
[2024.07.11-16.14.08:600][688]LogSavePackage: Moving '../../../../../Unreal Projects/FirstBPProjectUE/Saved/test61BAC26942335B32B073E6B45E764F88.tmp' to '../../../../../Unreal Projects/FirstBPProjectUE/Content/test.umap'
[2024.07.11-16.14.08:685][688]Cmd: OBJ SAVEPACKAGE PACKAGE="/Game/test_BuiltData" FILE="../../../../../Unreal Projects/FirstBPProjectUE/Content/test_BuiltData.uasset" SILENT=true
[2024.07.11-16.14.08:810][688]LogSavePackage: Moving '../../../../../Unreal Projects/FirstBPProjectUE/Saved/test_BuiltDataFC55FBFF4B7AE5B0EAB6EAB39160E57A.tmp' to '../../../../../Unreal Projects/FirstBPProjectUE/Content/test_BuiltData.uasset'
[2024.07.11-16.14.08:862][688]AssetCheck: New page: Asset Save: multiple assets
[2024.07.11-16.14.08:863][688]LogContentValidation: Display: Validating MapBuildDataRegistry /Game/test_BuiltData.test_BuiltData
[2024.07.11-16.14.08:863][688]LogContentValidation: Display: Validating World /Game/test.test
[2024.07.11-16.14.15:044][973]LogEditorViewport: Clicking on Actor (LMB): Bullet_C (Bullet2)
[2024.07.11-16.14.20:786][249]LogEditorViewport: Clicking on Actor (LMB): StaticMeshActor (Floor)
[2024.07.11-16.15.05:865][299]LogEditorViewport: Clicking on Actor (LMB): BlueprintOne_C (NewBlueprint3)
[2024.07.11-16.15.08:662][547]LogEditorViewport: Clicking on Actor (LMB): Bullet_C (Bullet2)
[2024.07.11-16.15.11:698][824]Cmd: OBJ SAVEPACKAGE PACKAGE="/Game/test" FILE="../../../../../Unreal Projects/FirstBPProjectUE/Content/test.umap" SILENT=true AUTOSAVING=false KEEPDIRTY=false
[2024.07.11-16.15.11:719][824]LogUObjectHash: Compacting FUObjectHashTables data took   2.21ms
[2024.07.11-16.15.11:764][824]LogSavePackage: Moving '../../../../../Unreal Projects/FirstBPProjectUE/Saved/test909442AE43927A8B39A8E382956496FB.tmp' to '../../../../../Unreal Projects/FirstBPProjectUE/Content/test.umap'
[2024.07.11-16.15.11:779][824]Cmd: OBJ SAVEPACKAGE PACKAGE="/Game/test_BuiltData" FILE="../../../../../Unreal Projects/FirstBPProjectUE/Content/test_BuiltData.uasset" SILENT=true
[2024.07.11-16.15.11:796][824]LogSavePackage: Moving '../../../../../Unreal Projects/FirstBPProjectUE/Saved/test_BuiltDataC6D29EB74C95C55A336A7FAB2A8A19EA.tmp' to '../../../../../Unreal Projects/FirstBPProjectUE/Content/test_BuiltData.uasset'
[2024.07.11-16.15.11:812][824]AssetCheck: New page: Asset Save: multiple assets
[2024.07.11-16.15.11:812][824]LogContentValidation: Display: Validating MapBuildDataRegistry /Game/test_BuiltData.test_BuiltData
[2024.07.11-16.15.11:812][824]LogContentValidation: Display: Validating World /Game/test.test
[2024.07.11-16.15.14:349][ 42]LogEditorViewport: Clicking on Actor (LMB): Bullet_C (Bullet)
[2024.07.11-16.15.32:761][890]Cmd: OBJ SAVEPACKAGE PACKAGE="/Game/Bullet" FILE="../../../../../Unreal Projects/FirstBPProjectUE/Content/Bullet.uasset" SILENT=true
[2024.07.11-16.15.32:770][890]LogSavePackage: Moving '../../../../../Unreal Projects/FirstBPProjectUE/Saved/BulletCD3136AD420E2C7855FA36BBB33AF7A1.tmp' to '../../../../../Unreal Projects/FirstBPProjectUE/Content/Bullet.uasset'
[2024.07.11-16.15.32:782][890]AssetCheck: New page: Asset Save: Bullet
[2024.07.11-16.15.32:782][890]LogContentValidation: Display: Validating Blueprint /Game/Bullet.Bullet
[2024.07.11-16.15.33:501][972]BlueprintLog: New page: Compile Bullet
[2024.07.11-16.15.33:546][972]LogUObjectHash: Compacting FUObjectHashTables data took   2.65ms
[2024.07.11-16.15.46:703][172]LogEditorViewport: Clicking on Actor (LMB): StaticMeshActor (Floor)
[2024.07.11-16.15.50:154][478]LogTemp: Repeating last play command: Selected Viewport
[2024.07.11-16.15.50:164][478]LogPlayLevel: PlayLevel: No blueprints needed recompiling
[2024.07.11-16.15.50:164][478]PIE: New page: PIE session: test (11/07/2024, 6:15:50 a. m.)
[2024.07.11-16.15.50:164][478]LogPlayLevel: Creating play world package: /Game/UEDPIE_0_test
[2024.07.11-16.15.50:168][478]LogPlayLevel: PIE: StaticDuplicateObject took: (0.003609s)
[2024.07.11-16.15.50:171][478]LogAIModule: Creating AISystem for world test
[2024.07.11-16.15.50:172][478]LogPlayLevel: PIE: World Init took: (0.003420s)
[2024.07.11-16.15.50:172][478]LogPlayLevel: PIE: Created PIE world by copying editor world from /Game/test.test to /Game/UEDPIE_0_test.test (0.007369s)
[2024.07.11-16.15.50:203][478]LogUObjectHash: Compacting FUObjectHashTables data took   2.43ms
[2024.07.11-16.15.50:204][478]LogAudio: Display: Creating Audio Device:                 Id: 5, Scope: Unique, Realtime: True
[2024.07.11-16.15.50:204][478]LogAudioMixer: Display: Audio Mixer Platform Settings:
[2024.07.11-16.15.50:204][478]LogAudioMixer: Display: 	Sample Rate:						  48000
[2024.07.11-16.15.50:204][478]LogAudioMixer: Display: 	Callback Buffer Frame Size Requested: 1024
[2024.07.11-16.15.50:204][478]LogAudioMixer: Display: 	Callback Buffer Frame Size To Use:	  1024
[2024.07.11-16.15.50:204][478]LogAudioMixer: Display: 	Number of buffers to queue:			  2
[2024.07.11-16.15.50:204][478]LogAudioMixer: Display: 	Max Channels (voices):				  32
[2024.07.11-16.15.50:204][478]LogAudioMixer: Display: 	Number of Async Source Workers:		  0
[2024.07.11-16.15.50:204][478]LogAudio: Display: AudioDevice MaxSources: 32
[2024.07.11-16.15.50:205][478]LogAudio: Display: Audio Spatialization Plugin: None (built-in).
[2024.07.11-16.15.50:205][478]LogAudio: Display: Audio Reverb Plugin: None (built-in).
[2024.07.11-16.15.50:205][478]LogAudio: Display: Audio Occlusion Plugin: None (built-in).
[2024.07.11-16.15.50:205][478]LogAudioMixer: Display: Initializing audio mixer.
[2024.07.11-16.15.50:209][478]LogAudioMixer: Display: 0: FrontLeft
[2024.07.11-16.15.50:209][478]LogAudioMixer: Display: 1: FrontRight
[2024.07.11-16.15.50:293][478]LogAudioMixer: Display: Using Audio Device Altavoces (Realtek High Definition Audio)
[2024.07.11-16.15.50:293][478]LogAudioMixer: Display: Initializing Sound Submixes...
[2024.07.11-16.15.50:293][478]LogAudioMixer: Display: Creating Master Submix 'MasterSubmixDefault'
[2024.07.11-16.15.50:293][478]LogAudioMixer: Display: Creating Master Submix 'MasterReverbSubmixDefault'
[2024.07.11-16.15.50:294][478]LogAudioMixer: Display: Creating Master Submix 'MasterEQSubmixDefault'
[2024.07.11-16.15.50:294][478]LogAudioMixer: FMixerPlatformXAudio2::StartAudioStream() called
[2024.07.11-16.15.50:294][478]LogAudioMixer: Display: Output buffers initialized: Frames=1024, Channels=2, Samples=2048
[2024.07.11-16.15.50:296][478]LogAudioMixer: Display: Starting AudioMixerPlatformInterface::RunInternal()
[2024.07.11-16.15.50:296][478]LogAudioMixer: Display: FMixerPlatformXAudio2::SubmitBuffer() called for the first time
[2024.07.11-16.15.50:296][478]LogInit: FAudioDevice initialized.
[2024.07.11-16.15.50:296][478]LogAudio: Display: Audio Device (ID: 5) registered with world 'test'.
[2024.07.11-16.15.50:302][478]LogLoad: Game class is 'GameModeBase'
[2024.07.11-16.15.50:305][478]LogWorld: Bringing World /Game/UEDPIE_0_test.test up for play (max tick rate 0) at 2024.07.11-11.15.50
[2024.07.11-16.15.50:305][478]PIE: Warning: Mobility of /Game/UEDPIE_0_test.test:PersistentLevel.BlueprintTwo_2 : CollisionCylinder has to be 'Movable' if you'd like to move. 
[2024.07.11-16.15.50:305][478]LogWorld: Bringing up level for play took: 0.001175
[2024.07.11-16.15.50:305][478]LogOnline: OSS: Creating online subsystem instance for: :Context_10
[2024.07.11-16.15.50:308][478]PIE: Server logged in
[2024.07.11-16.15.50:309][478]PIE: Play in editor total start time 0,146 seconds.
[2024.07.11-16.15.50:309][478]PIE: Warning: Mobility of /Game/UEDPIE_0_test.test:PersistentLevel.BlueprintTwo_2 : CollisionCylinder has to be 'Movable' if you'd like to move it with CharacterMovementComponent. 
[2024.07.11-16.15.52:499][699]LogSlate: Updating window title bar state: overlay mode, drag disabled, window buttons hidden, title bar hidden
[2024.07.11-16.15.52:499][699]LogWorld: BeginTearingDown for /Game/UEDPIE_0_test
[2024.07.11-16.15.52:499][699]LogWorld: UWorld::CleanupWorld for test, bSessionEnded=true, bCleanupResources=true
[2024.07.11-16.15.52:500][699]LogSlate: InvalidateAllWidgets triggered.  All widgets were invalidated
[2024.07.11-16.15.52:519][699]LogPlayLevel: Display: Shutting down PIE online subsystems
[2024.07.11-16.15.52:540][699]LogSlate: InvalidateAllWidgets triggered.  All widgets were invalidated
[2024.07.11-16.15.52:558][699]LogAudio: Display: Audio Device unregistered from world 'None'.
[2024.07.11-16.15.52:558][699]LogAudioMixer: FMixerPlatformXAudio2::StopAudioStream() called
[2024.07.11-16.15.52:559][699]LogAudioMixer: FMixerPlatformXAudio2::StopAudioStream() called
[2024.07.11-16.15.52:562][699]LogSlate: Updating window title bar state: overlay mode, drag disabled, window buttons hidden, title bar hidden
[2024.07.11-16.15.52:565][699]LogUObjectHash: Compacting FUObjectHashTables data took   2.04ms
[2024.07.11-16.15.52:682][700]LogPlayLevel: Display: Destroying online subsystem :Context_10
[2024.07.11-16.15.54:149][796]LogSlate: Window 'Message Log' being destroyed
[2024.07.11-16.15.54:157][796]LogSlate: Window 'Message Log' being destroyed
[2024.07.11-16.15.56:291][979]LogTemp: Repeating last play command: Selected Viewport
[2024.07.11-16.15.56:302][979]LogPlayLevel: PlayLevel: No blueprints needed recompiling
[2024.07.11-16.15.56:302][979]PIE: New page: PIE session: test (11/07/2024, 6:15:56 a. m.)
[2024.07.11-16.15.56:302][979]LogPlayLevel: Creating play world package: /Game/UEDPIE_0_test
[2024.07.11-16.15.56:307][979]LogPlayLevel: PIE: StaticDuplicateObject took: (0.005105s)
[2024.07.11-16.15.56:308][979]LogAIModule: Creating AISystem for world test
[2024.07.11-16.15.56:309][979]LogPlayLevel: PIE: World Init took: (0.001794s)
[2024.07.11-16.15.56:309][979]LogPlayLevel: PIE: Created PIE world by copying editor world from /Game/test.test to /Game/UEDPIE_0_test.test (0.007115s)
[2024.07.11-16.15.56:332][979]LogUObjectHash: Compacting FUObjectHashTables data took   1.86ms
[2024.07.11-16.15.56:333][979]LogAudio: Display: Creating Audio Device:                 Id: 6, Scope: Unique, Realtime: True
[2024.07.11-16.15.56:333][979]LogAudioMixer: Display: Audio Mixer Platform Settings:
[2024.07.11-16.15.56:333][979]LogAudioMixer: Display: 	Sample Rate:						  48000
[2024.07.11-16.15.56:333][979]LogAudioMixer: Display: 	Callback Buffer Frame Size Requested: 1024
[2024.07.11-16.15.56:333][979]LogAudioMixer: Display: 	Callback Buffer Frame Size To Use:	  1024
[2024.07.11-16.15.56:333][979]LogAudioMixer: Display: 	Number of buffers to queue:			  2
[2024.07.11-16.15.56:333][979]LogAudioMixer: Display: 	Max Channels (voices):				  32
[2024.07.11-16.15.56:333][979]LogAudioMixer: Display: 	Number of Async Source Workers:		  0
[2024.07.11-16.15.56:333][979]LogAudio: Display: AudioDevice MaxSources: 32
[2024.07.11-16.15.56:334][979]LogAudio: Display: Audio Spatialization Plugin: None (built-in).
[2024.07.11-16.15.56:334][979]LogAudio: Display: Audio Reverb Plugin: None (built-in).
[2024.07.11-16.15.56:334][979]LogAudio: Display: Audio Occlusion Plugin: None (built-in).
[2024.07.11-16.15.56:334][979]LogAudioMixer: Display: Initializing audio mixer.
[2024.07.11-16.15.56:337][979]LogAudioMixer: Display: 0: FrontLeft
[2024.07.11-16.15.56:337][979]LogAudioMixer: Display: 1: FrontRight
[2024.07.11-16.15.56:418][979]LogAudioMixer: Display: Using Audio Device Altavoces (Realtek High Definition Audio)
[2024.07.11-16.15.56:418][979]LogAudioMixer: Display: Initializing Sound Submixes...
[2024.07.11-16.15.56:418][979]LogAudioMixer: Display: Creating Master Submix 'MasterSubmixDefault'
[2024.07.11-16.15.56:418][979]LogAudioMixer: Display: Creating Master Submix 'MasterReverbSubmixDefault'
[2024.07.11-16.15.56:419][979]LogAudioMixer: Display: Creating Master Submix 'MasterEQSubmixDefault'
[2024.07.11-16.15.56:419][979]LogAudioMixer: FMixerPlatformXAudio2::StartAudioStream() called
[2024.07.11-16.15.56:419][979]LogAudioMixer: Display: Output buffers initialized: Frames=1024, Channels=2, Samples=2048
[2024.07.11-16.15.56:420][979]LogAudioMixer: Display: Starting AudioMixerPlatformInterface::RunInternal()
[2024.07.11-16.15.56:420][979]LogAudioMixer: Display: FMixerPlatformXAudio2::SubmitBuffer() called for the first time
[2024.07.11-16.15.56:420][979]LogInit: FAudioDevice initialized.
[2024.07.11-16.15.56:420][979]LogAudio: Display: Audio Device (ID: 6) registered with world 'test'.
[2024.07.11-16.15.56:433][979]LogLoad: Game class is 'GameModeBase'
[2024.07.11-16.15.56:435][979]LogWorld: Bringing World /Game/UEDPIE_0_test.test up for play (max tick rate 0) at 2024.07.11-11.15.56
[2024.07.11-16.15.56:435][979]PIE: Warning: Mobility of /Game/UEDPIE_0_test.test:PersistentLevel.BlueprintTwo_2 : CollisionCylinder has to be 'Movable' if you'd like to move. 
[2024.07.11-16.15.56:435][979]LogWorld: Bringing up level for play took: 0.001158
[2024.07.11-16.15.56:435][979]LogOnline: OSS: Creating online subsystem instance for: :Context_11
[2024.07.11-16.15.56:439][979]PIE: Server logged in
[2024.07.11-16.15.56:439][979]PIE: Play in editor total start time 0,139 seconds.
[2024.07.11-16.15.56:440][979]PIE: Warning: Mobility of /Game/UEDPIE_0_test.test:PersistentLevel.BlueprintTwo_2 : CollisionCylinder has to be 'Movable' if you'd like to move it with CharacterMovementComponent. 
[2024.07.11-16.15.57:916][137]LogSlate: Updating window title bar state: overlay mode, drag disabled, window buttons hidden, title bar hidden
[2024.07.11-16.15.57:916][137]LogWorld: BeginTearingDown for /Game/UEDPIE_0_test
[2024.07.11-16.15.57:917][137]LogWorld: UWorld::CleanupWorld for test, bSessionEnded=true, bCleanupResources=true
[2024.07.11-16.15.57:917][137]LogSlate: InvalidateAllWidgets triggered.  All widgets were invalidated
[2024.07.11-16.15.57:932][137]LogPlayLevel: Display: Shutting down PIE online subsystems
[2024.07.11-16.15.57:950][137]LogSlate: InvalidateAllWidgets triggered.  All widgets were invalidated
[2024.07.11-16.15.57:968][137]LogSlate: Updating window title bar state: overlay mode, drag disabled, window buttons hidden, title bar hidden
[2024.07.11-16.15.57:969][137]LogAudioMixer: FMixerPlatformXAudio2::StopAudioStream() called
[2024.07.11-16.15.57:970][137]LogAudioMixer: FMixerPlatformXAudio2::StopAudioStream() called
[2024.07.11-16.15.57:976][137]LogUObjectHash: Compacting FUObjectHashTables data took   1.98ms
[2024.07.11-16.15.58:080][138]LogPlayLevel: Display: Destroying online subsystem :Context_11
[2024.07.11-16.15.59:612][221]LogSlate: Window 'Message Log' being destroyed
[2024.07.11-16.15.59:624][221]LogSlate: Window 'Message Log' being destroyed
[2024.07.11-16.16.04:201][586]LogEditorViewport: Clicking on Actor (LMB): Bullet_C (Bullet)
[2024.07.11-16.16.18:445][805]LogTemp: Repeating last play command: Selected Viewport
[2024.07.11-16.16.18:461][805]LogPlayLevel: PlayLevel: No blueprints needed recompiling
[2024.07.11-16.16.18:461][805]PIE: New page: PIE session: test (11/07/2024, 6:16:18 a. m.)
[2024.07.11-16.16.18:485][805]LogPlayLevel: Creating play world package: /Game/UEDPIE_0_test
[2024.07.11-16.16.18:497][805]LogPlayLevel: PIE: StaticDuplicateObject took: (0.012306s)
[2024.07.11-16.16.18:499][805]LogAIModule: Creating AISystem for world test
[2024.07.11-16.16.18:500][805]LogPlayLevel: PIE: World Init took: (0.002651s)
[2024.07.11-16.16.18:500][805]LogPlayLevel: PIE: Created PIE world by copying editor world from /Game/test.test to /Game/UEDPIE_0_test.test (0.015393s)
[2024.07.11-16.16.18:528][805]LogUObjectHash: Compacting FUObjectHashTables data took   2.15ms
[2024.07.11-16.16.18:530][805]LogAudio: Display: Creating Audio Device:                 Id: 7, Scope: Unique, Realtime: True
[2024.07.11-16.16.18:530][805]LogAudioMixer: Display: Audio Mixer Platform Settings:
[2024.07.11-16.16.18:530][805]LogAudioMixer: Display: 	Sample Rate:						  48000
[2024.07.11-16.16.18:530][805]LogAudioMixer: Display: 	Callback Buffer Frame Size Requested: 1024
[2024.07.11-16.16.18:530][805]LogAudioMixer: Display: 	Callback Buffer Frame Size To Use:	  1024
[2024.07.11-16.16.18:530][805]LogAudioMixer: Display: 	Number of buffers to queue:			  2
[2024.07.11-16.16.18:530][805]LogAudioMixer: Display: 	Max Channels (voices):				  32
[2024.07.11-16.16.18:530][805]LogAudioMixer: Display: 	Number of Async Source Workers:		  0
[2024.07.11-16.16.18:530][805]LogAudio: Display: AudioDevice MaxSources: 32
[2024.07.11-16.16.18:531][805]LogAudio: Display: Audio Spatialization Plugin: None (built-in).
[2024.07.11-16.16.18:531][805]LogAudio: Display: Audio Reverb Plugin: None (built-in).
[2024.07.11-16.16.18:531][805]LogAudio: Display: Audio Occlusion Plugin: None (built-in).
[2024.07.11-16.16.18:531][805]LogAudioMixer: Display: Initializing audio mixer.
[2024.07.11-16.16.18:535][805]LogAudioMixer: Display: 0: FrontLeft
[2024.07.11-16.16.18:535][805]LogAudioMixer: Display: 1: FrontRight
[2024.07.11-16.16.18:631][805]LogAudioMixer: Display: Using Audio Device Altavoces (Realtek High Definition Audio)
[2024.07.11-16.16.18:631][805]LogAudioMixer: Display: Initializing Sound Submixes...
[2024.07.11-16.16.18:632][805]LogAudioMixer: Display: Creating Master Submix 'MasterSubmixDefault'
[2024.07.11-16.16.18:632][805]LogAudioMixer: Display: Creating Master Submix 'MasterReverbSubmixDefault'
[2024.07.11-16.16.18:632][805]LogAudioMixer: Display: Creating Master Submix 'MasterEQSubmixDefault'
[2024.07.11-16.16.18:632][805]LogAudioMixer: FMixerPlatformXAudio2::StartAudioStream() called
[2024.07.11-16.16.18:632][805]LogAudioMixer: Display: Output buffers initialized: Frames=1024, Channels=2, Samples=2048
[2024.07.11-16.16.18:634][805]LogAudioMixer: Display: Starting AudioMixerPlatformInterface::RunInternal()
[2024.07.11-16.16.18:634][805]LogAudioMixer: Display: FMixerPlatformXAudio2::SubmitBuffer() called for the first time
[2024.07.11-16.16.18:634][805]LogInit: FAudioDevice initialized.
[2024.07.11-16.16.18:634][805]LogAudio: Display: Audio Device (ID: 7) registered with world 'test'.
[2024.07.11-16.16.18:644][805]LogLoad: Game class is 'GameModeBase'
[2024.07.11-16.16.18:646][805]LogWorld: Bringing World /Game/UEDPIE_0_test.test up for play (max tick rate 0) at 2024.07.11-11.16.18
[2024.07.11-16.16.18:647][805]PIE: Warning: Mobility of /Game/UEDPIE_0_test.test:PersistentLevel.BlueprintTwo_2 : CollisionCylinder has to be 'Movable' if you'd like to move. 
[2024.07.11-16.16.18:647][805]LogWorld: Bringing up level for play took: 0.001622
[2024.07.11-16.16.18:647][805]LogOnline: OSS: Creating online subsystem instance for: :Context_12
[2024.07.11-16.16.18:650][805]PIE: Server logged in
[2024.07.11-16.16.18:651][805]PIE: Play in editor total start time 0,194 seconds.
[2024.07.11-16.16.18:652][805]PIE: Warning: Mobility of /Game/UEDPIE_0_test.test:PersistentLevel.BlueprintTwo_2 : CollisionCylinder has to be 'Movable' if you'd like to move it with CharacterMovementComponent. 
[2024.07.11-16.16.20:260][951]LogSlate: Updating window title bar state: overlay mode, drag disabled, window buttons hidden, title bar hidden
[2024.07.11-16.16.20:260][951]LogWorld: BeginTearingDown for /Game/UEDPIE_0_test
[2024.07.11-16.16.20:261][951]LogWorld: UWorld::CleanupWorld for test, bSessionEnded=true, bCleanupResources=true
[2024.07.11-16.16.20:261][951]LogSlate: InvalidateAllWidgets triggered.  All widgets were invalidated
[2024.07.11-16.16.20:282][951]LogPlayLevel: Display: Shutting down PIE online subsystems
[2024.07.11-16.16.20:294][951]LogSlate: InvalidateAllWidgets triggered.  All widgets were invalidated
[2024.07.11-16.16.20:312][951]LogAudio: Display: Audio Device unregistered from world 'None'.
[2024.07.11-16.16.20:313][951]LogAudioMixer: FMixerPlatformXAudio2::StopAudioStream() called
[2024.07.11-16.16.20:314][951]LogAudioMixer: FMixerPlatformXAudio2::StopAudioStream() called
[2024.07.11-16.16.20:318][951]LogSlate: Updating window title bar state: overlay mode, drag disabled, window buttons hidden, title bar hidden
[2024.07.11-16.16.20:320][951]LogUObjectHash: Compacting FUObjectHashTables data took   1.97ms
[2024.07.11-16.16.20:420][952]LogPlayLevel: Display: Destroying online subsystem :Context_12
[2024.07.11-16.16.22:093][ 61]LogSlate: Window 'Message Log' being destroyed
[2024.07.11-16.16.22:102][ 61]LogSlate: Window 'Message Log' being destroyed
[2024.07.11-16.25.17:477][792]LogUObjectHash: Compacting FUObjectHashTables data took   2.43ms
[2024.07.11-16.25.17:768][792]Cmd: OBJ SAVEPACKAGE PACKAGE="/Game/test" FILE="../../../../../Unreal Projects/FirstBPProjectUE/Saved/Autosaves/Game/test_Auto2.umap" SILENT=true AUTOSAVING=true KEEPDIRTY=false
[2024.07.11-16.25.17:781][792]LogSavePackage: Moving '../../../../../Unreal Projects/FirstBPProjectUE/Saved/test_Auto2F49A96FF446B466A24D95485409F6227.tmp' to '../../../../../Unreal Projects/FirstBPProjectUE/Saved/Autosaves/Game/test_Auto2.umap'
[2024.07.11-16.25.17:782][792]LogFileHelpers: Editor autosave (incl. external actors) for '/Game/test' took 0.333
[2024.07.11-16.25.17:782][792]LogFileHelpers: Editor autosave (incl. sublevels & external actors) for all levels took 0.333
[2024.07.11-16.44.43:132][364]LogEditorViewport: Clicking on Actor (LMB): BP_Sky_Sphere_C (Sky Sphere)
[2024.07.11-16.44.43:928][429]Cmd: OBJ SAVEPACKAGE PACKAGE="/Game/test" FILE="../../../../../Unreal Projects/FirstBPProjectUE/Content/test.umap" SILENT=true AUTOSAVING=false KEEPDIRTY=false
[2024.07.11-16.44.43:954][429]LogUObjectHash: Compacting FUObjectHashTables data took   0.78ms
[2024.07.11-16.44.44:000][429]LogSavePackage: Moving '../../../../../Unreal Projects/FirstBPProjectUE/Saved/test8EEC31334A03989DC706F69E194157C7.tmp' to '../../../../../Unreal Projects/FirstBPProjectUE/Content/test.umap'
[2024.07.11-16.44.44:016][429]Cmd: OBJ SAVEPACKAGE PACKAGE="/Game/test_BuiltData" FILE="../../../../../Unreal Projects/FirstBPProjectUE/Content/test_BuiltData.uasset" SILENT=true
[2024.07.11-16.44.44:046][429]LogSavePackage: Moving '../../../../../Unreal Projects/FirstBPProjectUE/Saved/test_BuiltDataC44E433D491A4FE9843134B6F3305DE2.tmp' to '../../../../../Unreal Projects/FirstBPProjectUE/Content/test_BuiltData.uasset'
[2024.07.11-16.44.44:072][429]AssetCheck: New page: Asset Save: multiple assets
[2024.07.11-16.44.44:072][429]LogContentValidation: Display: Validating MapBuildDataRegistry /Game/test_BuiltData.test_BuiltData
[2024.07.11-16.44.44:072][429]LogContentValidation: Display: Validating World /Game/test.test
[2024.07.11-16.44.47:188][761]LogUObjectHash: Compacting FUObjectHashTables data took   2.14ms
[2024.07.11-16.44.47:261][761]LogWorld: UWorld::CleanupWorld for World_3, bSessionEnded=true, bCleanupResources=true
[2024.07.11-16.44.47:261][761]LogSlate: InvalidateAllWidgets triggered.  All widgets were invalidated
[2024.07.11-16.44.47:554][761]LogSlate: Window 'FirstBPProjectUE - Unreal Editor' being destroyed
[2024.07.11-16.44.47:868][762]Cmd: QUIT_EDITOR
[2024.07.11-16.44.47:868][762]LogCore: Engine exit requested (reason: UUnrealEdEngine::CloseEditor())
[2024.07.11-16.44.47:941][762]LogCore: Engine exit requested (reason: EngineExit() was called; note: exit was already requested)
[2024.07.11-16.44.48:995][762]LogAudio: Display: Beginning Audio Device Manager Shutdown (Module: AudioMixerXAudio2)...
[2024.07.11-16.44.48:995][762]LogAudio: Display: Destroying 1 Remaining Audio Device(s)...
[2024.07.11-16.44.48:995][762]LogAudio: Display: Audio Device unregistered from world 'test'.
[2024.07.11-16.44.48:995][762]LogAudioMixer: FMixerPlatformXAudio2::StopAudioStream() called
[2024.07.11-16.44.48:997][762]LogAudioMixer: FMixerPlatformXAudio2::StopAudioStream() called
[2024.07.11-16.44.49:022][762]LogAudio: Display: Audio Device Manager Shutdown
[2024.07.11-16.44.49:035][762]LogWindowsTextInputMethodSystem: Display: IME system deactivated.
[2024.07.11-16.44.49:067][762]LogExit: Preparing to exit.
[2024.07.11-16.44.50:095][762]LogUObjectHash: Compacting FUObjectHashTables data took   2.24ms
[2024.07.11-16.44.51:019][762]LogWorld: UWorld::CleanupWorld for World_0, bSessionEnded=true, bCleanupResources=true
[2024.07.11-16.44.51:022][762]LogWorld: UWorld::CleanupWorld for World_1, bSessionEnded=true, bCleanupResources=true
[2024.07.11-16.44.51:024][762]LogWorld: UWorld::CleanupWorld for World_2, bSessionEnded=true, bCleanupResources=true
[2024.07.11-16.44.51:026][762]LogWorld: UWorld::CleanupWorld for World_5, bSessionEnded=true, bCleanupResources=true
[2024.07.11-16.44.51:029][762]LogWorld: UWorld::CleanupWorld for World_4, bSessionEnded=true, bCleanupResources=true
[2024.07.11-16.44.51:349][762]LogDemo: Cleaned up 0 splitscreen connections with owner deletion
[2024.07.11-16.44.51:954][762]LogWorld: UWorld::CleanupWorld for None, bSessionEnded=true, bCleanupResources=true
[2024.07.11-16.44.51:954][762]LogExit: Editor shut down
[2024.07.11-16.44.51:957][762]LogExit: Transaction tracking system shut down
[2024.07.11-16.44.55:157][762]LogExit: Object subsystem successfully closed.
[2024.07.11-16.44.55:180][762]LogShaderCompilers: Display: === FShaderJobCache stats ===
[2024.07.11-16.44.55:180][762]LogShaderCompilers: Display: Total job queries 0, among them cache hits 0 (0.00%)
[2024.07.11-16.44.55:180][762]LogShaderCompilers: Display: Tracking 0 distinct input hashes that result in 0 distinct outputs (0.00%)
[2024.07.11-16.44.55:212][762]LogShaderCompilers: Display: RAM used: 0.00 MB (0.00 GB) of 614.40 MB (0.60 GB) budget. Usage: 0.00%
[2024.07.11-16.44.55:212][762]LogShaderCompilers: Display: ================================================
[2024.07.11-16.44.55:378][762]LogShaderCompilers: Display: Shaders left to compile 0
[2024.07.11-16.44.57:275][762]LogModuleManager: Shutting down and abandoning module BlueprintGraph (876)
[2024.07.11-16.44.57:275][762]LogModuleManager: Shutting down and abandoning module MovieSceneCapture (874)
[2024.07.11-16.44.57:275][762]LogModuleManager: Shutting down and abandoning module Voice (872)
[2024.07.11-16.44.57:289][762]LogModuleManager: Shutting down and abandoning module HierarchicalLODOutliner (870)
[2024.07.11-16.44.57:289][762]LogModuleManager: Shutting down and abandoning module SceneOutliner (868)
[2024.07.11-16.44.57:289][762]LogModuleManager: Shutting down and abandoning module AddContentDialog (866)
[2024.07.11-16.44.57:355][762]LogModuleManager: Shutting down and abandoning module WidgetCarousel (865)
[2024.07.11-16.44.57:355][762]LogModuleManager: Shutting down and abandoning module EditorWidgets (862)
[2024.07.11-16.44.57:355][762]LogModuleManager: Shutting down and abandoning module StatsViewer (860)
[2024.07.11-16.44.57:365][762]LogModuleManager: Shutting down and abandoning module PIEPreviewDeviceProfileSelector (858)
[2024.07.11-16.44.57:390][762]LogModuleManager: Shutting down and abandoning module SequenceRecorderSections (856)
[2024.07.11-16.44.57:396][762]LogModuleManager: Shutting down and abandoning module AutomationWorker (854)
[2024.07.11-16.44.57:409][762]LogModuleManager: Shutting down and abandoning module SteamVREditor (852)
[2024.07.11-16.44.57:409][762]LogModuleManager: Shutting down and abandoning module OculusMR (850)
[2024.07.11-16.44.57:409][762]LogModuleManager: Shutting down and abandoning module OpenXRInput (848)
[2024.07.11-16.44.57:422][762]LogModuleManager: Shutting down and abandoning module TakeRecorderSources (846)
[2024.07.11-16.44.57:479][762]LogModuleManager: Shutting down and abandoning module TakeRecorder (845)
[2024.07.11-16.44.57:492][762]LogModuleManager: Shutting down and abandoning module TakeTrackRecorders (842)
[2024.07.11-16.44.57:504][762]LogModuleManager: Shutting down and abandoning module TakesCore (840)
[2024.07.11-16.44.57:516][762]LogModuleManager: Shutting down and abandoning module GooglePADEditor (838)
[2024.07.11-16.44.57:516][762]LogModuleManager: Shutting down and abandoning module AudioCaptureEditor (836)
[2024.07.11-16.44.57:516][762]LogModuleManager: Shutting down and abandoning module TemplateSequenceEditor (834)
[2024.07.11-16.44.57:574][762]LogModuleManager: Shutting down and abandoning module MatineeToLevelSequence (832)
[2024.07.11-16.44.57:590][762]LogModuleManager: Shutting down and abandoning module LevelSequenceEditor (830)
[2024.07.11-16.44.57:619][762]LogModuleManager: Shutting down and abandoning module ActorSequenceEditor (828)
[2024.07.11-16.44.57:639][762]LogModuleManager: Shutting down and abandoning module WmfMediaFactory (826)
[2024.07.11-16.44.57:639][762]LogModuleManager: Shutting down and abandoning module WmfMediaEditor (824)
[2024.07.11-16.44.57:639][762]LogModuleManager: Shutting down and abandoning module WebMMediaFactory (822)
[2024.07.11-16.44.57:639][762]LogModuleManager: Shutting down and abandoning module WebMMediaEditor (820)
[2024.07.11-16.44.57:639][762]LogModuleManager: Shutting down and abandoning module WebMMedia (818)
[2024.07.11-16.44.57:647][762]LogModuleManager: Shutting down and abandoning module MediaPlayerEditor (816)
[2024.07.11-16.44.57:671][762]LogModuleManager: Shutting down and abandoning module MediaCompositingEditor (814)
[2024.07.11-16.44.57:701][762]LogModuleManager: Shutting down and abandoning module SequenceRecorder (813)
[2024.07.11-16.44.57:714][762]LogModuleManager: Shutting down and abandoning module OpenExrWrapper (810)
[2024.07.11-16.44.57:715][762]LogModuleManager: Shutting down and abandoning module ImgMediaFactory (808)
[2024.07.11-16.44.57:715][762]LogModuleManager: Shutting down and abandoning module ImgMediaEditor (806)
[2024.07.11-16.44.57:715][762]LogModuleManager: Shutting down and abandoning module AvfMediaFactory (804)
[2024.07.11-16.44.57:715][762]LogModuleManager: Shutting down and abandoning module AvfMediaEditor (802)
[2024.07.11-16.44.57:715][762]LogModuleManager: Shutting down and abandoning module AndroidMediaFactory (800)
[2024.07.11-16.44.57:715][762]LogModuleManager: Shutting down and abandoning module AndroidMediaEditor (798)
[2024.07.11-16.44.57:715][762]LogModuleManager: Shutting down and abandoning module MagicLeapMediaCodecFactory (796)
[2024.07.11-16.44.57:715][762]LogModuleManager: Shutting down and abandoning module MagicLeapMediaFactory (794)
[2024.07.11-16.44.57:715][762]LogModuleManager: Shutting down and abandoning module MagicLeapMediaEditor (792)
[2024.07.11-16.44.57:715][762]LogModuleManager: Shutting down and abandoning module PlanarCut (790)
[2024.07.11-16.44.57:739][762]LogModuleManager: Shutting down and abandoning module CharacterAI (788)
[2024.07.11-16.44.57:739][762]LogModuleManager: Shutting down and abandoning module TextureAlignMode (786)
[2024.07.11-16.44.57:739][762]LogModuleManager: Shutting down and abandoning module BspMode (784)
[2024.07.11-16.44.57:751][762]LogModuleManager: Shutting down and abandoning module GeometryMode (782)
[2024.07.11-16.44.57:762][762]LogModuleManager: Shutting down and abandoning module CameraShakePreviewer (780)
[2024.07.11-16.44.57:829][762]LogModuleManager: Shutting down and abandoning module SmartSnapping (778)
[2024.07.11-16.44.57:829][762]LogModuleManager: Shutting down and abandoning module SessionServices (776)
[2024.07.11-16.44.57:829][762]LogModuleManager: Shutting down and abandoning module MeshPaint (774)
[2024.07.11-16.44.57:888][762]LogModuleManager: Shutting down and abandoning module VirtualTexturingEditor (772)
[2024.07.11-16.44.57:897][762]LogModuleManager: Shutting down and abandoning module FoliageEdit (770)
[2024.07.11-16.44.57:910][762]LogModuleManager: Shutting down and abandoning module LandscapeEditor (768)
[2024.07.11-16.44.57:931][762]LogModuleManager: Shutting down and abandoning module MeshPaintMode (766)
[2024.07.11-16.44.57:932][762]LogModuleManager: Shutting down and abandoning module SceneDepthPickerMode (764)
[2024.07.11-16.44.57:932][762]LogModuleManager: Shutting down and abandoning module ActorPickerMode (762)
[2024.07.11-16.44.57:932][762]LogModuleManager: Shutting down and abandoning module PlacementMode (760)
[2024.07.11-16.44.57:932][762]LogModuleManager: Shutting down and abandoning module ViewportSnapping (758)
[2024.07.11-16.44.57:932][762]LogModuleManager: Shutting down and abandoning module ViewportInteraction (756)
[2024.07.11-16.44.57:932][762]LogModuleManager: Shutting down and abandoning module ClothPainter (754)
[2024.07.11-16.44.57:952][762]LogModuleManager: Shutting down and abandoning module SkeletalMeshEditor (753)
[2024.07.11-16.44.57:975][762]LogModuleManager: Shutting down and abandoning module LogVisualizer (750)
[2024.07.11-16.44.58:001][762]LogModuleManager: Shutting down and abandoning module IntroTutorials (748)
[2024.07.11-16.44.58:017][762]LogModuleManager: Shutting down and abandoning module GameProjectGeneration (747)
[2024.07.11-16.44.58:076][762]LogModuleManager: Shutting down and abandoning module LuminPlatformEditor (744)
[2024.07.11-16.44.58:076][762]LogModuleManager: Shutting down and abandoning module IOSPlatformEditor (742)
[2024.07.11-16.44.58:092][762]LogModuleManager: Shutting down and abandoning module AndroidPlatformEditor (740)
[2024.07.11-16.44.58:104][762]LogModuleManager: Shutting down and abandoning module AndroidDeviceDetection (739)
[2024.07.11-16.44.59:227][762]LogModuleManager: Shutting down and abandoning module WindowsPlatformEditor (736)
[2024.07.11-16.44.59:227][762]LogModuleManager: Shutting down and abandoning module LuminRuntimeSettings (734)
[2024.07.11-16.44.59:227][762]LogModuleManager: Shutting down and abandoning module IOSRuntimeSettings (732)
[2024.07.11-16.44.59:227][762]LogModuleManager: Shutting down and abandoning module AndroidRuntimeSettings (730)
[2024.07.11-16.44.59:227][762]LogModuleManager: Shutting down and abandoning module TraceInsights (728)
[2024.07.11-16.44.59:297][762]MemoryProfiler: Shutdown
[2024.07.11-16.44.59:297][762]NetworkingProfiler: Shutdown
[2024.07.11-16.44.59:297][762]LoadingProfiler: Shutdown
[2024.07.11-16.44.59:314][762]TimingProfiler: Shutdown
[2024.07.11-16.44.59:369][762]LogModuleManager: Shutting down and abandoning module TraceServices (727)
[2024.07.11-16.44.59:403][762]LogModuleManager: Shutting down and abandoning module EditorInteractiveToolsFramework (724)
[2024.07.11-16.44.59:403][762]LogModuleManager: Shutting down and abandoning module TimeManagementEditor (722)
[2024.07.11-16.44.59:403][762]LogModuleManager: Shutting down and abandoning module InputBindingEditor (720)
[2024.07.11-16.44.59:418][762]LogModuleManager: Shutting down and abandoning module MergeActors (718)
[2024.07.11-16.44.59:432][762]LogModuleManager: Shutting down and abandoning module LocalizationDashboard (716)
[2024.07.11-16.44.59:441][762]LogModuleManager: Shutting down and abandoning module LocalizationService (715)
[2024.07.11-16.44.59:458][762]LogModuleManager: Shutting down and abandoning module HardwareTargeting (712)
[2024.07.11-16.44.59:458][762]LogModuleManager: Shutting down and abandoning module DeviceProfileEditor (710)
[2024.07.11-16.44.59:471][762]LogModuleManager: Shutting down and abandoning module UndoHistory (708)
[2024.07.11-16.44.59:485][762]LogModuleManager: Shutting down and abandoning module XmlParser (706)
[2024.07.11-16.44.59:500][762]LogModuleManager: Shutting down and abandoning module Blutility (704)
[2024.07.11-16.44.59:513][762]LogModuleManager: Shutting down and abandoning module ProjectSettingsViewer (702)
[2024.07.11-16.44.59:514][762]LogModuleManager: Shutting down and abandoning module ProjectTargetPlatformEditor (701)
[2024.07.11-16.44.59:514][762]LogModuleManager: Shutting down and abandoning module EditorSettingsViewer (698)
[2024.07.11-16.44.59:514][762]LogModuleManager: Shutting down and abandoning module InternationalizationSettings (697)
[2024.07.11-16.44.59:514][762]LogModuleManager: Shutting down and abandoning module SettingsEditor (694)
[2024.07.11-16.44.59:523][762]LogModuleManager: Shutting down and abandoning module ProjectLauncher (692)
[2024.07.11-16.44.59:530][762]LogModuleManager: Shutting down and abandoning module SessionFrontend (690)
[2024.07.11-16.44.59:540][762]LogModuleManager: Shutting down and abandoning module ProfilerClient (688)
[2024.07.11-16.44.59:550][762]LogModuleManager: Shutting down and abandoning module DeviceManager (686)
[2024.07.11-16.44.59:557][762]LogModuleManager: Shutting down and abandoning module TargetDeviceServices (685)
[2024.07.11-16.44.59:589][762]LogModuleManager: Shutting down and abandoning module AutomationController (682)
[2024.07.11-16.44.59:614][762]LogModuleManager: Shutting down and abandoning module AutomationWindow (680)
[2024.07.11-16.44.59:627][762]LogModuleManager: Shutting down and abandoning module Layers (678)
[2024.07.11-16.44.59:656][762]LogModuleManager: Shutting down and abandoning module ComponentVisualizers (676)
[2024.07.11-16.44.59:656][762]LogModuleManager: Shutting down and abandoning module DetailCustomizations (674)
[2024.07.11-16.44.59:656][762]LogModuleManager: Shutting down and abandoning module PackagesDialog (672)
[2024.07.11-16.44.59:661][762]LogModuleManager: Shutting down and abandoning module AnimationBlueprintEditor (670)
[2024.07.11-16.44.59:675][762]LogModuleManager: Shutting down and abandoning module Persona (668)
[2024.07.11-16.44.59:713][762]LogModuleManager: Shutting down and abandoning module AdvancedPreviewScene (667)
[2024.07.11-16.44.59:713][762]LogModuleManager: Shutting down and abandoning module AnimGraph (665)
[2024.07.11-16.44.59:727][762]LogModuleManager: Shutting down and abandoning module Kismet (662)
[2024.07.11-16.44.59:747][762]LogModuleManager: Shutting down and abandoning module KismetWidgets (661)
[2024.07.11-16.44.59:747][762]LogModuleManager: Shutting down and abandoning module GraphEditor (658)
[2024.07.11-16.44.59:747][762]LogModuleManager: Shutting down and abandoning module StructViewer (656)
[2024.07.11-16.44.59:747][762]LogModuleManager: Shutting down and abandoning module ClassViewer (654)
[2024.07.11-16.44.59:747][762]LogModuleManager: Shutting down and abandoning module Toolbox (652)
[2024.07.11-16.44.59:747][762]LogModuleManager: Shutting down and abandoning module ModuleUI (650)
[2024.07.11-16.44.59:754][762]LogModuleManager: Shutting down and abandoning module OutputLog (648)
[2024.07.11-16.44.59:771][762]LogModuleManager: Shutting down and abandoning module GammaUI (646)
[2024.07.11-16.44.59:776][762]LogModuleManager: Shutting down and abandoning module Documentation (644)
[2024.07.11-16.44.59:776][762]LogModuleManager: Shutting down and abandoning module LiveCoding (642)
[2024.07.11-16.44.59:780][762]LogModuleManager: Shutting down and abandoning module LevelSequence (640)
[2024.07.11-16.44.59:780][762]LogModuleManager: Shutting down and abandoning module MovieSceneTracks (638)
[2024.07.11-16.44.59:780][762]LogModuleManager: Shutting down and abandoning module MovieScene (636)
[2024.07.11-16.44.59:846][762]LogModuleManager: Shutting down and abandoning module StreamingPauseRendering (634)
[2024.07.11-16.44.59:861][762]LogModuleManager: Shutting down and abandoning module LauncherPlatform (632)
[2024.07.11-16.44.59:861][762]LogModuleManager: Shutting down and abandoning module AnalyticsET (630)
[2024.07.11-16.44.59:861][762]LogModuleManager: Shutting down and abandoning module PortalServices (628)
[2024.07.11-16.44.59:861][762]LogModuleManager: Shutting down and abandoning module PortalRpc (626)
[2024.07.11-16.44.59:861][762]LogModuleManager: Shutting down and abandoning module MessagingRpc (624)
[2024.07.11-16.44.59:861][762]LogModuleManager: Shutting down and abandoning module AudioMixerXAudio2 (622)
[2024.07.11-16.44.59:861][762]LogModuleManager: Shutting down and abandoning module AudioMixerCore (621)
[2024.07.11-16.44.59:861][762]LogModuleManager: Shutting down and abandoning module AIModule (618)
[2024.07.11-16.44.59:882][762]LogModuleManager: Shutting down and abandoning module GameplayDebugger (617)
[2024.07.11-16.44.59:882][762]LogModuleManager: Shutting down and abandoning module AITestSuite (615)
[2024.07.11-16.44.59:896][762]LogModuleManager: Shutting down and abandoning module NavigationSystem (613)
[2024.07.11-16.44.59:896][762]LogModuleManager: Shutting down and abandoning module ImageWriteQueue (610)
[2024.07.11-16.44.59:896][762]LogModuleManager: Shutting down and abandoning module ProfilerService (608)
[2024.07.11-16.44.59:967][762]LogModuleManager: Shutting down and abandoning module TaskGraph (606)
[2024.07.11-16.44.59:990][762]LogModuleManager: Shutting down and abandoning module AudioSynesthesiaEditor (604)
[2024.07.11-16.44.59:990][762]LogModuleManager: Shutting down and abandoning module OculusEditor (602)
[2024.07.11-16.45.00:045][762]LogModuleManager: Shutting down and abandoning module OculusInput (600)
[2024.07.11-16.45.00:045][762]LogModuleManager: Shutting down and abandoning module ContentBrowserFileDataSource (598)
[2024.07.11-16.45.00:045][762]LogModuleManager: Shutting down and abandoning module ContentBrowserAssetDataSource (596)
[2024.07.11-16.45.00:045][762]LogModuleManager: Shutting down and abandoning module ContentBrowserClassDataSource (594)
[2024.07.11-16.45.00:045][762]LogModuleManager: Shutting down and abandoning module CollectionManager (593)
[2024.07.11-16.45.00:105][762]LogModuleManager: Shutting down and abandoning module SynthesisEditor (590)
[2024.07.11-16.45.00:106][762]LogModuleManager: Shutting down and abandoning module Synthesis (588)
[2024.07.11-16.45.00:126][762]LogModuleManager: Shutting down and abandoning module ProceduralMeshComponentEditor (586)
[2024.07.11-16.45.00:135][762]LogModuleManager: Shutting down and abandoning module ProceduralMeshComponent (584)
[2024.07.11-16.45.00:135][762]LogModuleManager: Shutting down and abandoning module OpenXREditor (582)
[2024.07.11-16.45.00:146][762]LogModuleManager: Shutting down and abandoning module MobilePatchingUtils (580)
[2024.07.11-16.45.00:147][762]LogModuleManager: Shutting down and abandoning module TakeSequencer (578)
[2024.07.11-16.45.00:147][762]LogModuleManager: Shutting down and abandoning module TakeMovieScene (576)
[2024.07.11-16.45.00:147][762]LogModuleManager: Shutting down and abandoning module ScreenshotTools (574)
[2024.07.11-16.45.00:147][762]LogModuleManager: Shutting down and abandoning module GooglePAD (572)
[2024.07.11-16.45.00:147][762]LogModuleManager: Shutting down and abandoning module EditableMesh (570)
[2024.07.11-16.45.00:155][762]LogModuleManager: Shutting down and abandoning module CustomMeshComponent (568)
[2024.07.11-16.45.00:155][762]LogModuleManager: Shutting down and abandoning module CableComponent (566)
[2024.07.11-16.45.00:155][762]LogModuleManager: Shutting down and abandoning module AudioCapture (564)
[2024.07.11-16.45.00:155][762]LogModuleManager: Shutting down and abandoning module AudioCaptureRtAudio (563)
[2024.07.11-16.45.00:168][762]LogModuleManager: Shutting down and abandoning module AssetTags (560)
[2024.07.11-16.45.00:168][762]LogModuleManager: Shutting down and abandoning module ArchVisCharacter (558)
[2024.07.11-16.45.00:168][762]LogModuleManager: Shutting down and abandoning module AppleImageUtilsBlueprintSupport (556)
[2024.07.11-16.45.00:168][762]LogModuleManager: Shutting down and abandoning module AppleImageUtils (554)
[2024.07.11-16.45.00:168][762]LogModuleManager: Shutting down and abandoning module AndroidPermission (552)
[2024.07.11-16.45.00:168][762]LogModuleManager: Shutting down and abandoning module TemplateSequence (550)
[2024.07.11-16.45.00:175][762]LogModuleManager: Shutting down and abandoning module ActorLayerUtilitiesEditor (548)
[2024.07.11-16.45.00:175][762]LogModuleManager: Shutting down and abandoning module ActorLayerUtilities (546)
[2024.07.11-16.45.00:175][762]LogModuleManager: Shutting down and abandoning module MediaCompositing (544)
[2024.07.11-16.45.00:175][762]LogModuleManager: Shutting down and abandoning module ImgMedia (542)
[2024.07.11-16.45.00:175][762]LogModuleManager: Shutting down and abandoning module MagicLeapSharedWorld (540)
[2024.07.11-16.45.00:175][762]LogModuleManager: Shutting down and abandoning module MagicLeapLightEstimation (538)
[2024.07.11-16.45.00:175][762]LogModuleManager: Shutting down and abandoning module MagicLeapHelperVulkan (536)
[2024.07.11-16.45.00:175][762]LogModuleManager: Shutting down and abandoning module MagicLeapHelperOpenGL (534)
[2024.07.11-16.45.00:175][762]LogModuleManager: Shutting down and abandoning module MagicLeapAudio (532)
[2024.07.11-16.45.00:190][762]LogModuleManager: Shutting down and abandoning module VariantManagerContentEditor (530)
[2024.07.11-16.45.00:199][762]LogModuleManager: Shutting down and abandoning module NiagaraEditorWidgets (528)
[2024.07.11-16.45.00:246][762]LogModuleManager: Shutting down and abandoning module OpenImageDenoise (526)
[2024.07.11-16.45.00:246][762]LogOpenImageDenoise: OIDN shutting down
[2024.07.11-16.45.00:246][762]LogModuleManager: Shutting down and abandoning module MotoSynthEditor (524)
[2024.07.11-16.45.00:246][762]LogModuleManager: Shutting down and abandoning module MotoSynth (522)
[2024.07.11-16.45.00:246][762]LogModuleManager: Shutting down and abandoning module GeometryCollectionTracks (520)
[2024.07.11-16.45.00:246][762]LogModuleManager: Shutting down and abandoning module GeometryCollectionSequencer (519)
[2024.07.11-16.45.00:247][762]LogModuleManager: Shutting down and abandoning module GeometryCollectionEditor (516)
[2024.07.11-16.45.00:247][762]LogModuleManager: Shutting down and abandoning module MeshConversion (514)
[2024.07.11-16.45.00:256][762]LogModuleManager: Shutting down and abandoning module DynamicMesh (512)
[2024.07.11-16.45.00:273][762]LogModuleManager: Shutting down and abandoning module GeometryAlgorithms (510)
[2024.07.11-16.45.00:291][762]LogModuleManager: Shutting down and abandoning module GeometricObjects (508)
[2024.07.11-16.45.00:308][762]LogModuleManager: Shutting down and abandoning module GeometryCacheTracks (506)
[2024.07.11-16.45.00:308][762]LogModuleManager: Shutting down and abandoning module GeometryCacheStreamer (504)
[2024.07.11-16.45.00:363][762]LogModuleManager: Shutting down and abandoning module GeometryCacheSequencer (502)
[2024.07.11-16.45.00:363][762]LogModuleManager: Shutting down and abandoning module DatasmithContentEditor (500)
[2024.07.11-16.45.00:376][762]LogModuleManager: Shutting down and abandoning module ChaosSolverEditor (498)
[2024.07.11-16.45.00:376][762]LogModuleManager: Shutting down and abandoning module ChaosNiagara (496)
[2024.07.11-16.45.00:383][762]LogModuleManager: Shutting down and abandoning module FractureEditor (494)
[2024.07.11-16.45.00:404][762]LogModuleManager: Shutting down and abandoning module FieldSystemEngine (493)
[2024.07.11-16.45.00:404][762]LogModuleManager: Shutting down and abandoning module ChaosClothEditor (490)
[2024.07.11-16.45.00:415][762]LogModuleManager: Shutting down and abandoning module UObjectPlugin (488)
[2024.07.11-16.45.00:415][762]LogModuleManager: Shutting down and abandoning module BackChannel (486)
[2024.07.11-16.45.00:429][762]LogModuleManager: Shutting down and abandoning module AutomationUtilsEditor (484)
[2024.07.11-16.45.00:429][762]LogModuleManager: Shutting down and abandoning module AutomationUtils (482)
[2024.07.11-16.45.00:430][762]LogModuleManager: Shutting down and abandoning module AlembicImporter (480)
[2024.07.11-16.45.00:430][762]LogModuleManager: Shutting down and abandoning module AlembicLibrary (479)
[2024.07.11-16.45.00:430][762]LogModuleManager: Shutting down and abandoning module GeometryCache (478)
[2024.07.11-16.45.00:430][762]LogModuleManager: Shutting down and abandoning module GeometryCacheEd (477)
[2024.07.11-16.45.00:430][762]LogModuleManager: Shutting down and abandoning module VisualStudioSourceCodeAccess (472)
[2024.07.11-16.45.00:441][762]LogModuleManager: Shutting down and abandoning module VisualStudioCodeSourceCodeAccess (470)
[2024.07.11-16.45.00:442][762]LogModuleManager: Shutting down and abandoning module SubversionSourceControl (468)
[2024.07.11-16.45.00:468][762]LogModuleManager: Shutting down and abandoning module RiderSourceCodeAccess (466)
[2024.07.11-16.45.00:468][762]LogModuleManager: Shutting down and abandoning module PerforceSourceControl (464)
[2024.07.11-16.45.00:489][762]LogModuleManager: Shutting down and abandoning module PluginUtils (462)
[2024.07.11-16.45.00:496][762]LogModuleManager: Shutting down and abandoning module PlasticSourceControl (460)
[2024.07.11-16.45.00:501][762]LogModuleManager: Shutting down and abandoning module GitSourceControl (458)
[2024.07.11-16.45.00:509][762]LogModuleManager: Shutting down and abandoning module SourceControl (457)
[2024.07.11-16.45.00:523][762]LogModuleManager: Shutting down and abandoning module CLionSourceCodeAccess (454)
[2024.07.11-16.45.00:523][762]LogModuleManager: Shutting down and abandoning module AnimationSharingEd (452)
[2024.07.11-16.45.00:523][762]LogModuleManager: Shutting down and abandoning module SpeedTreeImporter (450)
[2024.07.11-16.45.00:523][762]LogModuleManager: Shutting down and abandoning module PluginBrowser (448)
[2024.07.11-16.45.00:548][762]LogModuleManager: Shutting down and abandoning module MobileLauncherProfileWizard (446)
[2024.07.11-16.45.00:599][762]LogModuleManager: Shutting down and abandoning module MaterialAnalyzer (444)
[2024.07.11-16.45.00:615][762]LogModuleManager: Shutting down and abandoning module CurveEditorTools (442)
[2024.07.11-16.45.00:651][762]LogModuleManager: Shutting down and abandoning module CryptoKeysOpenSSL (440)
[2024.07.11-16.45.00:651][762]LogModuleManager: Shutting down and abandoning module CryptoKeys (438)
[2024.07.11-16.45.00:651][762]LogModuleManager: Shutting down and abandoning module OodleNetworkHandlerComponent (436)
[2024.07.11-16.45.00:651][762]LogModuleManager: Shutting down and abandoning module LiveLinkSequencer (434)
[2024.07.11-16.45.00:651][762]LogModuleManager: Shutting down and abandoning module LiveLinkMovieScene (432)
[2024.07.11-16.45.00:651][762]LogModuleManager: Shutting down and abandoning module LiveLinkGraphNode (430)
[2024.07.11-16.45.00:652][762]LogModuleManager: Shutting down and abandoning module LiveLinkEditor (428)
[2024.07.11-16.45.00:662][762]LogModuleManager: Shutting down and abandoning module LiveLinkComponents (426)
[2024.07.11-16.45.00:662][762]LogModuleManager: Shutting down and abandoning module LiveLink (424)
[2024.07.11-16.45.00:969][762]LogModuleManager: Shutting down and abandoning module LightPropagationVolumeEditor (422)
[2024.07.11-16.45.00:969][762]LogModuleManager: Shutting down and abandoning module PaperTiledImporter (420)
[2024.07.11-16.45.00:969][762]LogModuleManager: Shutting down and abandoning module PaperSpriteSheetImporter (418)
[2024.07.11-16.45.00:989][762]LogModuleManager: Shutting down and abandoning module Paper2DEditor (416)
[2024.07.11-16.45.01:000][762]LogModuleManager: Shutting down and abandoning module MeshPaintingToolset (414)
[2024.07.11-16.45.01:011][762]LogModuleManager: Shutting down and abandoning module MeshPaintEditorMode (412)
[2024.07.11-16.45.01:028][762]LogModuleManager: Shutting down and abandoning module SoundFields (410)
[2024.07.11-16.45.01:028][762]LogModuleManager: Shutting down and abandoning module SignificanceManager (408)
[2024.07.11-16.45.01:028][762]LogModuleManager: Shutting down and abandoning module RuntimePhysXCooking (406)
[2024.07.11-16.45.01:028][762]LogModuleManager: Shutting down and abandoning module PropertyAccessEditor (404)
[2024.07.11-16.45.01:038][762]LogModuleManager: Shutting down and abandoning module PhysXVehiclesEditor (402)
[2024.07.11-16.45.01:038][762]LogModuleManager: Shutting down and abandoning module LocationServicesBPLibrary (398)
[2024.07.11-16.45.01:038][762]LogModuleManager: Shutting down and abandoning module AudioSynesthesia (396)
[2024.07.11-16.45.01:049][762]LogModuleManager: Shutting down and abandoning module AudioSynesthesiaCore (394)
[2024.07.11-16.45.01:049][762]LogModuleManager: Shutting down and abandoning module ActorSequence (392)
[2024.07.11-16.45.01:049][762]LogModuleManager: Shutting down and abandoning module UdpMessaging (390)
[2024.07.11-16.45.01:151][762]LogModuleManager: Shutting down and abandoning module TcpMessaging (388)
[2024.07.11-16.45.01:262][762]LogModuleManager: Shutting down and abandoning module ImgMediaEngine (386)
[2024.07.11-16.45.01:262][762]LogModuleManager: Shutting down and abandoning module MagicLeapARPin (384)
[2024.07.11-16.45.01:262][762]LogModuleManager: Shutting down and abandoning module MagicLeapHandMeshing (382)
[2024.07.11-16.45.01:262][762]LogModuleManager: Shutting down and abandoning module MagicLeapSecureStorage (380)
[2024.07.11-16.45.01:262][762]LogModuleManager: Shutting down and abandoning module MagicLeapPrivileges (378)
[2024.07.11-16.45.01:271][762]LogModuleManager: Shutting down and abandoning module MagicLeapPlanes (376)
[2024.07.11-16.45.01:289][762]LogMagicLeapPlanes: Planes tracker already destroyed.
[2024.07.11-16.45.01:289][762]LogModuleManager: Shutting down and abandoning module MagicLeapImageTracker (374)
[2024.07.11-16.45.01:289][762]LogModuleManager: Shutting down and abandoning module MagicLeapIdentity (372)
[2024.07.11-16.45.01:289][762]LogModuleManager: Shutting down and abandoning module MagicLeapHandTracking (370)
[2024.07.11-16.45.01:296][762]LogModuleManager: Shutting down and abandoning module MagicLeapEyeTracker (368)
[2024.07.11-16.45.01:296][762]LogModuleManager: Shutting down and abandoning module MagicLeapController (366)
[2024.07.11-16.45.01:296][762]LogModuleManager: Shutting down and abandoning module MagicLeapARPinImpl (364)
[2024.07.11-16.45.01:296][762]LogModuleManager: Shutting down and abandoning module MagicLeapAR (362)
[2024.07.11-16.45.01:296][762]LogModuleManager: Shutting down and abandoning module NiagaraAnimNotifies (360)
[2024.07.11-16.45.01:296][762]LogModuleManager: Shutting down and abandoning module Niagara (358)
[2024.07.11-16.45.01:383][762]LogModuleManager: Shutting down and abandoning module SignalProcessing (357)
[2024.07.11-16.45.01:383][762]LogModuleManager: Shutting down and abandoning module NiagaraEditor (355)
[2024.07.11-16.45.01:403][762]LogModuleManager: Shutting down and abandoning module NiagaraCore (352)
[2024.07.11-16.45.01:403][762]LogModuleManager: Shutting down and abandoning module PythonScriptPlugin (350)
[2024.07.11-16.45.01:405][762]LogModuleManager: Shutting down and abandoning module PropertyAccessNode (348)
[2024.07.11-16.45.01:405][762]LogModuleManager: Shutting down and abandoning module AnimationSharing (346)
[2024.07.11-16.45.01:405][762]LogModuleManager: Shutting down and abandoning module GameplayTagsEditor (344)
[2024.07.11-16.45.01:420][762]LogModuleManager: Shutting down and abandoning module FacialAnimationEditor (342)
[2024.07.11-16.45.01:420][762]LogModuleManager: Shutting down and abandoning module FacialAnimation (340)
[2024.07.11-16.45.01:420][762]LogModuleManager: Shutting down and abandoning module DataValidation (338)
[2024.07.11-16.45.01:420][762]LogModuleManager: Shutting down and abandoning module AssetManagerEditor (336)
[2024.07.11-16.45.01:435][762]LogModuleManager: Shutting down and abandoning module LevelEditor (335)
[2024.07.11-16.45.01:465][762]LogModuleManager: Shutting down and abandoning module PixelInspectorModule (334)
[2024.07.11-16.45.01:475][762]LogModuleManager: Shutting down and abandoning module CommonMenuExtensions (332)
[2024.07.11-16.45.01:475][762]LogModuleManager: Shutting down and abandoning module MainFrame (330)
[2024.07.11-16.45.01:481][762]LogModuleManager: Shutting down and abandoning module HotReload (329)
[2024.07.11-16.45.01:507][762]LogModuleManager: Shutting down and abandoning module ToolMenus (325)
[2024.07.11-16.45.01:507][762]LogModuleManager: Shutting down and abandoning module ContentBrowser (323)
[2024.07.11-16.45.01:507][762]LogModuleManager: Shutting down and abandoning module ContentBrowserData (322)
[2024.07.11-16.45.01:507][762]LogModuleManager: Shutting down and abandoning module TreeMap (319)
[2024.07.11-16.45.01:524][762]LogModuleManager: Shutting down and abandoning module GameplayCameras (316)
[2024.07.11-16.45.01:524][762]LogModuleManager: Shutting down and abandoning module LightPropagationVolumeRuntime (314)
[2024.07.11-16.45.01:524][762]LogModuleManager: Shutting down and abandoning module EnvironmentQueryEditor (312)
[2024.07.11-16.45.01:540][762]LogModuleManager: Shutting down and abandoning module Paper2D (310)
[2024.07.11-16.45.01:546][762]LogModuleManager: Shutting down and abandoning module WindowsMoviePlayer (308)
[2024.07.11-16.45.01:559][762]LogModuleManager: Shutting down and abandoning module WebMMoviePlayer (306)
[2024.07.11-16.45.01:608][762]LogModuleManager: Shutting down and abandoning module NetworkReplayStreaming (304)
[2024.07.11-16.45.01:608][762]LogModuleManager: Shutting down and abandoning module PacketHandler (302)
[2024.07.11-16.45.01:608][762]LogModuleManager: Shutting down and abandoning module ClothingSystemEditor (300)
[2024.07.11-16.45.01:608][762]LogModuleManager: Shutting down and abandoning module ClothingSystemRuntimeNv (298)
[2024.07.11-16.45.01:623][762]LogModuleManager: Shutting down and abandoning module MediaAssets (296)
[2024.07.11-16.45.01:623][762]LogModuleManager: Shutting down and abandoning module Overlay (294)
[2024.07.11-16.45.01:623][762]LogModuleManager: Shutting down and abandoning module OverlayEditor (293)
[2024.07.11-16.45.01:623][762]LogModuleManager: Shutting down and abandoning module VREditor (290)
[2024.07.11-16.45.01:640][762]LogModuleManager: Shutting down and abandoning module StringTableEditor (288)
[2024.07.11-16.45.01:659][762]LogModuleManager: Shutting down and abandoning module GameplayTasksEditor (286)
[2024.07.11-16.45.01:659][762]LogModuleManager: Shutting down and abandoning module BehaviorTreeEditor (284)
[2024.07.11-16.45.01:687][762]LogModuleManager: Shutting down and abandoning module FunctionalTesting (282)
[2024.07.11-16.45.01:694][762]LogModuleManager: Shutting down and abandoning module CollisionAnalyzer (280)
[2024.07.11-16.45.01:708][762]LogModuleManager: Shutting down and abandoning module WorkspaceMenuStructure (279)
[2024.07.11-16.45.01:708][762]LogModuleManager: Shutting down and abandoning module UMG (276)
[2024.07.11-16.45.01:718][762]LogModuleManager: Shutting down and abandoning module UMGEditor (275)
[2024.07.11-16.45.01:745][762]LogModuleManager: Shutting down and abandoning module MessageLog (273)
[2024.07.11-16.45.01:745][762]LogModuleManager: Shutting down and abandoning module SlateReflector (268)
[2024.07.11-16.45.01:786][762]LogModuleManager: Shutting down and abandoning module Slate (266)
[2024.07.11-16.45.01:786][762]LogModuleManager: Shutting down and abandoning module SlateCore (264)
[2024.07.11-16.45.01:789][762]LogModuleManager: Shutting down and abandoning module LandscapeEditorUtilities (262)
[2024.07.11-16.45.01:789][762]LogModuleManager: Shutting down and abandoning module UnrealEd (260)
[2024.07.11-16.45.01:805][762]LogModuleManager: Shutting down and abandoning module MRMesh (258)
[2024.07.11-16.45.01:805][762]LogModuleManager: Shutting down and abandoning module SourceCodeAccess (256)
[2024.07.11-16.45.01:805][762]LogModuleManager: Shutting down and abandoning module HeadMountedDisplay (254)
[2024.07.11-16.45.01:805][762]LogModuleManager: Shutting down and abandoning module XAudio2 (252)
[2024.07.11-16.45.01:859][762]LogModuleManager: Shutting down and abandoning module Networking (250)
[2024.07.11-16.45.01:859][762]LogModuleManager: Shutting down and abandoning module Core (248)
[2024.07.11-16.45.01:859][762]LogModuleManager: Shutting down and abandoning module MaterialEditor (246)
[2024.07.11-16.45.01:893][762]LogModuleManager: Shutting down and abandoning module MovieSceneTools (244)
[2024.07.11-16.45.01:924][762]LogModuleManager: Shutting down and abandoning module CurveEditor (243)
[2024.07.11-16.45.01:941][762]LogModuleManager: Shutting down and abandoning module Sequencer (241)
[2024.07.11-16.45.01:964][762]LogModuleManager: Shutting down and abandoning module EditorStyle (240)
[2024.07.11-16.45.01:967][762]LogModuleManager: Shutting down and abandoning module KismetCompiler (236)
[2024.07.11-16.45.01:967][762]LogModuleManager: Shutting down and abandoning module MeshBuilder (234)
[2024.07.11-16.45.01:977][762]LogModuleManager: Shutting down and abandoning module MeshUtilities (232)
[2024.07.11-16.45.01:985][762]LogModuleManager: Shutting down and abandoning module MeshMergeUtilities (231)
[2024.07.11-16.45.01:996][762]LogModuleManager: Shutting down and abandoning module MeshReductionInterface (230)
[2024.07.11-16.45.01:996][762]LogModuleManager: Shutting down and abandoning module MeshBoneReduction (229)
[2024.07.11-16.45.02:011][762]LogModuleManager: Shutting down and abandoning module SkeletalMeshReduction (227)
[2024.07.11-16.45.02:028][762]LogModuleManager: Shutting down and abandoning module ProxyLODMeshReduction (225)
[2024.07.11-16.45.02:104][762]LogModuleManager: Shutting down and abandoning module QuadricMeshReduction (223)
[2024.07.11-16.45.02:110][762]LogModuleManager: Shutting down and abandoning module MaterialBaking (219)
[2024.07.11-16.45.02:118][762]LogModuleManager: Shutting down and abandoning module NullInstallBundleManager (214)
[2024.07.11-16.45.02:118][762]LogModuleManager: Shutting down and abandoning module DerivedDataCache (212)
[2024.07.11-16.45.02:126][762]LogModuleManager: Shutting down and abandoning module TargetPlatform (210)
[2024.07.11-16.45.02:141][762]LogModuleManager: Shutting down and abandoning module VulkanShaderFormat (209)
[2024.07.11-16.45.02:178][762]LogModuleManager: Shutting down and abandoning module ShaderFormatVectorVM (207)
[2024.07.11-16.45.02:186][762]LogModuleManager: Shutting down and abandoning module ShaderFormatOpenGL (205)
[2024.07.11-16.45.02:189][762]LogModuleManager: Shutting down and abandoning module ShaderFormatD3D (203)
[2024.07.11-16.45.02:203][762]LogModuleManager: Shutting down and abandoning module MetalShaderFormat (201)
[2024.07.11-16.45.02:215][762]LogModuleManager: Shutting down and abandoning module TextureFormatOodle (199)
[2024.07.11-16.45.02:224][762]LogModuleManager: Shutting down and abandoning module TextureFormatUncompressed (197)
[2024.07.11-16.45.02:224][762]LogModuleManager: Shutting down and abandoning module TextureFormatPVR (195)
[2024.07.11-16.45.02:224][762]LogModuleManager: Shutting down and abandoning module TextureFormatETC2 (193)
[2024.07.11-16.45.02:224][762]LogModuleManager: Shutting down and abandoning module TextureFormatDXT (191)
[2024.07.11-16.45.02:232][762]LogModuleManager: Shutting down and abandoning module TextureFormatIntelISPCTexComp (189)
[2024.07.11-16.45.02:234][762]LogModuleManager: Shutting down and abandoning module TextureFormatASTC (187)
[2024.07.11-16.45.02:234][762]LogModuleManager: Shutting down and abandoning module ImageWrapper (186)
[2024.07.11-16.45.02:234][762]LogModuleManager: Shutting down and abandoning module AudioFormatOpus (183)
[2024.07.11-16.45.02:234][762]LogModuleManager: Shutting down and abandoning module AudioFormatOgg (181)
[2024.07.11-16.45.02:234][762]LogModuleManager: Shutting down and abandoning module AudioFormatADPCM (179)
[2024.07.11-16.45.02:241][762]LogModuleManager: Shutting down and abandoning module WindowsServerTargetPlatform (177)
[2024.07.11-16.45.02:241][762]LogModuleManager: Shutting down and abandoning module WindowsClientTargetPlatform (175)
[2024.07.11-16.45.02:241][762]LogModuleManager: Shutting down and abandoning module WindowsTargetPlatform (173)
[2024.07.11-16.45.02:241][762]LogModuleManager: Shutting down and abandoning module WindowsNoEditorTargetPlatform (171)
[2024.07.11-16.45.02:241][762]LogModuleManager: Shutting down and abandoning module TVOSTargetPlatform (169)
[2024.07.11-16.45.02:252][762]LogModuleManager: Shutting down and abandoning module MacServerTargetPlatform (167)
[2024.07.11-16.45.02:252][762]LogModuleManager: Shutting down and abandoning module MacClientTargetPlatform (165)
[2024.07.11-16.45.02:252][762]LogModuleManager: Shutting down and abandoning module MacTargetPlatform (163)
[2024.07.11-16.45.02:252][762]LogModuleManager: Shutting down and abandoning module MacNoEditorTargetPlatform (161)
[2024.07.11-16.45.02:252][762]LogModuleManager: Shutting down and abandoning module LuminTargetPlatform (159)
[2024.07.11-16.45.02:266][762]LogModuleManager: Shutting down and abandoning module LinuxAArch64ServerTargetPlatform (157)
[2024.07.11-16.45.02:266][762]LogModuleManager: Shutting down and abandoning module LinuxAArch64ClientTargetPlatform (155)
[2024.07.11-16.45.02:266][762]LogModuleManager: Shutting down and abandoning module LinuxAArch64NoEditorTargetPlatform (153)
[2024.07.11-16.45.02:266][762]LogModuleManager: Shutting down and abandoning module LinuxServerTargetPlatform (151)
[2024.07.11-16.45.02:266][762]LogModuleManager: Shutting down and abandoning module LinuxClientTargetPlatform (149)
[2024.07.11-16.45.02:267][762]LogModuleManager: Shutting down and abandoning module LinuxNoEditorTargetPlatform (147)
[2024.07.11-16.45.02:267][762]LogModuleManager: Shutting down and abandoning module LinuxTargetPlatform (145)
[2024.07.11-16.45.02:267][762]LogModuleManager: Shutting down and abandoning module Messaging (143)
[2024.07.11-16.45.02:267][762]LogModuleManager: Shutting down and abandoning module IOSTargetPlatform (141)
[2024.07.11-16.45.02:272][762]LogModuleManager: Shutting down and abandoning module AndroidTargetPlatform (139)
[2024.07.11-16.45.02:296][762]LogModuleManager: Shutting down and abandoning module AllDesktopTargetPlatform (137)
[2024.07.11-16.45.02:296][762]LogModuleManager: Shutting down and abandoning module D3D11RHI (134)
[2024.07.11-16.45.02:296][762]LogModuleManager: Shutting down and abandoning module InputCore (132)
[2024.07.11-16.45.02:296][762]LogModuleManager: Shutting down and abandoning module Settings (130)
[2024.07.11-16.45.02:296][762]LogModuleManager: Shutting down and abandoning module DirectoryWatcher (128)
[2024.07.11-16.45.02:298][762]LogModuleManager: Shutting down and abandoning module PhysXCooking (126)
[2024.07.11-16.45.02:298][762]LogModuleManager: Shutting down and abandoning module Chaos (124)
[2024.07.11-16.45.02:336][762]LogModuleManager: Shutting down and abandoning module WindowsPlatformFeatures (122)
[2024.07.11-16.45.02:351][762]LogModuleManager: Shutting down and abandoning module GameplayMediaEncoder (121)
[2024.07.11-16.45.02:359][762]LogModuleManager: Shutting down and abandoning module AVEncoder (120)
[2024.07.11-16.45.02:374][762]LogModuleManager: Shutting down and abandoning module SteamVRInputDevice (116)
[2024.07.11-16.45.02:374][762]LogModuleManager: Shutting down and abandoning module SteamVRInput (114)
[2024.07.11-16.45.02:374][762]LogModuleManager: Shutting down and abandoning module SteamVR (112)
[2024.07.11-16.45.02:389][762]LogHMD: Freeing OpenVRDLLHandle.
[2024.07.11-16.45.02:389][762]LogModuleManager: Shutting down and abandoning module OculusHMD (110)
[2024.07.11-16.45.02:401][762]LogModuleManager: Shutting down and abandoning module OpenXRHandTracking (108)
[2024.07.11-16.45.02:412][762]LogSlate: Slate User Destroyed.  User Index 0, Is Virtual User: 0
[2024.07.11-16.45.02:412][762]LogModuleManager: Shutting down and abandoning module OpenXRAR (106)
[2024.07.11-16.45.02:424][762]LogModuleManager: Shutting down and abandoning module AugmentedReality (105)
[2024.07.11-16.45.02:424][762]LogModuleManager: Shutting down and abandoning module OpenXRHMD (102)
[2024.07.11-16.45.02:446][762]LogModuleManager: Shutting down and abandoning module OpenXREyeTracker (100)
[2024.07.11-16.45.02:446][762]LogModuleManager: Shutting down and abandoning module ExampleDeviceProfileSelector (98)
[2024.07.11-16.45.02:446][762]LogModuleManager: Shutting down and abandoning module OnlineBlueprintSupport (96)
[2024.07.11-16.45.02:446][762]LogModuleManager: Shutting down and abandoning module ChunkDownloader (92)
[2024.07.11-16.45.02:457][762]LogModuleManager: Shutting down and abandoning module OnlineSubsystem (90)
[2024.07.11-16.45.02:472][762]LogModuleManager: Shutting down and abandoning module XMPP (85)
[2024.07.11-16.45.02:490][762]LogModuleManager: Shutting down and abandoning module WebSockets (84)
[2024.07.11-16.45.02:581][762]LogModuleManager: Shutting down and abandoning module HTTP (81)
[2024.07.11-16.45.02:582][762]LogHttp: Display: Http module shutting down, but needs to wait on 1 outstanding Http requests:
[2024.07.11-16.45.02:602][762]LogHttp: Display: 	verb=[POST] url=[https://datarouter.ol.epicgames.com/datarouter/api/v1/public/data?SessionID=%7BD719F319-41DC-57F3-8B9B-9CA432B1CC6F%7D&AppID=UEEditor.Rocket.Release&AppVersion=4.27.2-18319896%2B%2B%2BUE4%2BRelease-4.27&UserID=008c67874d377d07c289f69eab05eaf5%7C70001f5f5cfc44a0bce8f2fdfaa34e58%7C5a12762e-f6b6-47bd-a090-1abacea3695a&AppEnvironment=datacollector-binary&UploadType=eteventstream] refs=[1] status=Processing
[2024.07.11-16.45.02:602][762]LogHttp: Display: cleaning up 1 outstanding Http requests.
[2024.07.11-16.45.02:634][762]LogModuleManager: Shutting down and abandoning module SSL (80)
[2024.07.11-16.45.02:636][762]LogModuleManager: Shutting down and abandoning module LauncherChunkInstaller (76)
[2024.07.11-16.45.02:636][762]LogModuleManager: Shutting down and abandoning module WmfMedia (74)
[2024.07.11-16.45.02:651][762]LogModuleManager: Shutting down and abandoning module Media (73)
[2024.07.11-16.45.02:653][762]LogModuleManager: Shutting down and abandoning module MediaInfo (72)
[2024.07.11-16.45.02:653][762]LogModuleManager: Shutting down and abandoning module ExrReaderGpu (68)
[2024.07.11-16.45.02:665][762]LogModuleManager: Shutting down and abandoning module MLSDK (66)
[2024.07.11-16.45.02:678][762]LogModuleManager: Shutting down and abandoning module MagicLeap (64)
[2024.07.11-16.45.02:678][762]LogModuleManager: Shutting down and abandoning module VariantManagerContent (62)
[2024.07.11-16.45.02:678][762]LogModuleManager: Shutting down and abandoning module NiagaraVertexFactories (60)
[2024.07.11-16.45.02:678][762]LogModuleManager: Shutting down and abandoning module NiagaraShader (58)
[2024.07.11-16.45.02:678][762]LogModuleManager: Shutting down and abandoning module DatasmithContent (56)
[2024.07.11-16.45.02:678][762]LogModuleManager: Shutting down and abandoning module ChaosCloth (54)
[2024.07.11-16.45.02:684][762]LogModuleManager: Shutting down and abandoning module PixWinPlugin (52)
[2024.07.11-16.45.02:697][762]LogModuleManager: Shutting down and abandoning module AISupportModule (50)
[2024.07.11-16.45.02:697][762]LogModuleManager: Shutting down and abandoning module DesktopPlatform (48)
[2024.07.11-16.45.02:697][762]LogModuleManager: Shutting down and abandoning module PythonScriptPluginPreload (46)
[2024.07.11-16.45.02:701][762]LogModuleManager: Shutting down and abandoning module PlatformCryptoOpenSSL (44)
[2024.07.11-16.45.02:712][762]LogModuleManager: Shutting down and abandoning module PlatformCryptoTypes (42)
[2024.07.11-16.45.02:712][762]LogModuleManager: Shutting down and abandoning module PlatformCrypto (40)
[2024.07.11-16.45.02:712][762]LogModuleManager: Shutting down and abandoning module OodleDataCompressionFormat (38)
[2024.07.11-16.45.02:717][762]LogModuleManager: Shutting down and abandoning module XGEController (36)
[2024.07.11-16.45.02:730][762]LogModuleManager: Shutting down and abandoning module AnimationModifiers (34)
[2024.07.11-16.45.02:737][762]LogModuleManager: Shutting down and abandoning module AudioEditor (32)
[2024.07.11-16.45.02:752][762]LogModuleManager: Shutting down and abandoning module PropertyEditor (31)
[2024.07.11-16.45.02:763][762]LogModuleManager: Shutting down and abandoning module TextureCompressor (28)
[2024.07.11-16.45.02:765][762]LogModuleManager: Shutting down and abandoning module RenderCore (26)
[2024.07.11-16.45.02:765][762]LogModuleManager: Shutting down and abandoning module Landscape (24)
[2024.07.11-16.45.02:765][762]LogModuleManager: Shutting down and abandoning module SlateRHIRenderer (22)
[2024.07.11-16.45.02:782][762]LogModuleManager: Shutting down and abandoning module AnimGraphRuntime (20)
[2024.07.11-16.45.02:859][762]LogModuleManager: Shutting down and abandoning module Renderer (18)
[2024.07.11-16.45.02:870][762]LogModuleManager: Shutting down and abandoning module Engine (16)
[2024.07.11-16.45.02:870][762]LogModuleManager: Shutting down and abandoning module CoreUObject (14)
[2024.07.11-16.45.02:870][762]LogModuleManager: Shutting down and abandoning module NetworkFile (12)
[2024.07.11-16.45.02:918][762]LogModuleManager: Shutting down and abandoning module CookedIterativeFile (10)
[2024.07.11-16.45.02:918][762]LogModuleManager: Shutting down and abandoning module StreamingFile (8)
[2024.07.11-16.45.02:931][762]LogModuleManager: Shutting down and abandoning module SandboxFile (6)
[2024.07.11-16.45.02:937][762]LogModuleManager: Shutting down and abandoning module PakFile (4)
[2024.07.11-16.45.02:938][762]LogModuleManager: Shutting down and abandoning module RSA (3)
[2024.07.11-16.45.02:957][762]LogContentStreaming: Display: There are 1 unreleased StreamingManagers
[2024.07.11-16.45.03:020][762]LogD3D11RHI: Shutdown
[2024.07.11-16.45.03:020][762]LogD3D11RHI: CleanupD3DDevice
[2024.07.11-16.45.03:147][762]LogExit: Exiting.
[2024.07.11-16.45.03:165][762]Log file closed, 07/11/24 11:45:03
